{"num_workers": 15, "num_roles": 3, "num_nodes": 40, "w": [[0, 0], [0, 0], [0, 0], [0, 0], [0, 0], [0, 0], [0, 0], [0, 0], [0, 0], [0, 0], [0, 0], [0, 0], [0, 0], [0, 0], [0, 0], [150, 300], [240, 420], [240, 330], [150, 450], [150, 240], [30, 420], [30, 120], [30, 420], [240, 330], [150, 240], [480, 480], [480, 480], [480, 480], [480, 480], [480, 480], [480, 480], [480, 480], [480, 480], [480, 480], [480, 480], [480, 480], [480, 480], [480, 480], [480, 480], [480, 480]], "p": [0, 0, 0, 0, 0, 0, 0, 0, 0, 0, 0, 0, 0, 0, 0, 37.202886000294136, 62.507358985590606, 40.55517055147, 16.969520488977373, 26.8924429365117, 15.907496680809182, 22.173026942546144, 7.953748340404591, 20.277585275735, 13.44622146825585, 0, 0, 0, 0, 0, 0, 0, 0, 0, 0, 0, 0, 0, 0, 0], "e": [[0, 1, 1], [1, 1, 0], [0, 1, 1], [1, 1, 0], [0, 1, 1], [1, 1, 0], [1, 1, 0], [0, 1, 1], [0, 1, 1], [1, 0, 0], [0, 1, 0], [1, 0, 0], [0, 1, 0], [0, 0, 1], [0, 1, 0]], "d": [[1, 1, 1, 1, 0, 0, 1, 0, 2, 0], [0, 0, 1, 2, 0, 0, 2, 0, 2, 0], [0, 0, 1, 0, 1, 1, 0, 2, 2, 2]], "r": [2695, 664, 3587, 1659, 3448, 2016, 4337, 2016, 3587, 3448], "g": [[0, 0, 0, 0, 0, 0, 0, 0, 0, 0], [0, 0, 0, 0, 0, 0, 0, 0, 0, 0], [0, 0, 0, 0, 0, 0, 0, 0, 1, 0], [0, 0, 0, 0, 0, 0, 0, 0, 0, 0], [0, 0, 0, 0, 0, 0, 0, 0, 0, 1], [0, 0, 0, 0, 0, 0, 0, 1, 0, 0], [0, 0, 0, 0, 0, 0, 0, 0, 0, 0], [0, 0, 0, 0, 0, 1, 0, 0, 0, 0], [0, 0, 1, 0, 0, 0, 0, 0, 0, 0], [0, 0, 0, 0, 1, 0, 0, 0, 0, 0]], "t": [[0.0, 0.0, 0.0, 0.0, 0.0, 0.0, 0.0, 0.0, 0.0, 0.0, 0.0, 0.0, 0.0, 0.0, 0.0, 18.808923508687812, 28.910347797647294, 22.604161603344636, 28.4607186482827, 19.587401324776756, 26.875963061045915, 30.0, 26.875963061045915, 22.604161603344636, 19.587401324776756, 0.0, 0.0, 0.0, 0.0, 0.0, 0.0, 0.0, 0.0, 0.0, 0.0, 0.0, 0.0, 0.0, 0.0, 0.0], [0.0, 0.0, 0.0, 0.0, 0.0, 0.0, 0.0, 0.0, 0.0, 0.0, 0.0, 0.0, 0.0, 0.0, 0.0, 18.808923508687812, 28.910347797647294, 22.604161603344636, 28.4607186482827, 19.587401324776756, 26.875963061045915, 30.0, 26.875963061045915, 22.604161603344636, 19.587401324776756, 0.0, 0.0, 0.0, 0.0, 0.0, 0.0, 0.0, 0.0, 0.0, 0.0, 0.0, 0.0, 0.0, 0.0, 0.0], [0.0, 0.0, 0.0, 0.0, 0.0, 0.0, 0.0, 0.0, 0.0, 0.0, 0.0, 0.0, 0.0, 0.0, 0.0, 18.808923508687812, 28.910347797647294, 22.604161603344636, 28.4607186482827, 19.587401324776756, 26.875963061045915, 30.0, 26.875963061045915, 22.604161603344636, 19.587401324776756, 0.0, 0.0, 0.0, 0.0, 0.0, 0.0, 0.0, 0.0, 0.0, 0.0, 0.0, 0.0, 0.0, 0.0, 0.0], [0.0, 0.0, 0.0, 0.0, 0.0, 0.0, 0.0, 0.0, 0.0, 0.0, 0.0, 0.0, 0.0, 0.0, 0.0, 18.808923508687812, 28.910347797647294, 22.604161603344636, 28.4607186482827, 19.587401324776756, 26.875963061045915, 30.0, 26.875963061045915, 22.604161603344636, 19.587401324776756, 0.0, 0.0, 0.0, 0.0, 0.0, 0.0, 0.0, 0.0, 0.0, 0.0, 0.0, 0.0, 0.0, 0.0, 0.0], [0.0, 0.0, 0.0, 0.0, 0.0, 0.0, 0.0, 0.0, 0.0, 0.0, 0.0, 0.0, 0.0, 0.0, 0.0, 18.808923508687812, 28.910347797647294, 22.604161603344636, 28.4607186482827, 19.587401324776756, 26.875963061045915, 30.0, 26.875963061045915, 22.604161603344636, 19.587401324776756, 0.0, 0.0, 0.0, 0.0, 0.0, 0.0, 0.0, 0.0, 0.0, 0.0, 0.0, 0.0, 0.0, 0.0, 0.0], [0.0, 0.0, 0.0, 0.0, 0.0, 0.0, 0.0, 0.0, 0.0, 0.0, 0.0, 0.0, 0.0, 0.0, 0.0, 18.808923508687812, 28.910347797647294, 22.604161603344636, 28.4607186482827, 19.587401324776756, 26.875963061045915, 30.0, 26.875963061045915, 22.604161603344636, 19.587401324776756, 0.0, 0.0, 0.0, 0.0, 0.0, 0.0, 0.0, 0.0, 0.0, 0.0, 0.0, 0.0, 0.0, 0.0, 0.0], [0.0, 0.0, 0.0, 0.0, 0.0, 0.0, 0.0, 0.0, 0.0, 0.0, 0.0, 0.0, 0.0, 0.0, 0.0, 18.808923508687812, 28.910347797647294, 22.604161603344636, 28.4607186482827, 19.587401324776756, 26.875963061045915, 30.0, 26.875963061045915, 22.604161603344636, 19.587401324776756, 0.0, 0.0, 0.0, 0.0, 0.0, 0.0, 0.0, 0.0, 0.0, 0.0, 0.0, 0.0, 0.0, 0.0, 0.0], [0.0, 0.0, 0.0, 0.0, 0.0, 0.0, 0.0, 0.0, 0.0, 0.0, 0.0, 0.0, 0.0, 0.0, 0.0, 18.808923508687812, 28.910347797647294, 22.604161603344636, 28.4607186482827, 19.587401324776756, 26.875963061045915, 30.0, 26.875963061045915, 22.604161603344636, 19.587401324776756, 0.0, 0.0, 0.0, 0.0, 0.0, 0.0, 0.0, 0.0, 0.0, 0.0, 0.0, 0.0, 0.0, 0.0, 0.0], [0.0, 0.0, 0.0, 0.0, 0.0, 0.0, 0.0, 0.0, 0.0, 0.0, 0.0, 0.0, 0.0, 0.0, 0.0, 18.808923508687812, 28.910347797647294, 22.604161603344636, 28.4607186482827, 19.587401324776756, 26.875963061045915, 30.0, 26.875963061045915, 22.604161603344636, 19.587401324776756, 0.0, 0.0, 0.0, 0.0, 0.0, 0.0, 0.0, 0.0, 0.0, 0.0, 0.0, 0.0, 0.0, 0.0, 0.0], [0.0, 0.0, 0.0, 0.0, 0.0, 0.0, 0.0, 0.0, 0.0, 0.0, 0.0, 0.0, 0.0, 0.0, 0.0, 18.808923508687812, 28.910347797647294, 22.604161603344636, 28.4607186482827, 19.587401324776756, 26.875963061045915, 30.0, 26.875963061045915, 22.604161603344636, 19.587401324776756, 0.0, 0.0, 0.0, 0.0, 0.0, 0.0, 0.0, 0.0, 0.0, 0.0, 0.0, 0.0, 0.0, 0.0, 0.0], [0.0, 0.0, 0.0, 0.0, 0.0, 0.0, 0.0, 0.0, 0.0, 0.0, 0.0, 0.0, 0.0, 0.0, 0.0, 18.808923508687812, 28.910347797647294, 22.604161603344636, 28.4607186482827, 19.587401324776756, 26.875963061045915, 30.0, 26.875963061045915, 22.604161603344636, 19.587401324776756, 0.0, 0.0, 0.0, 0.0, 0.0, 0.0, 0.0, 0.0, 0.0, 0.0, 0.0, 0.0, 0.0, 0.0, 0.0], [0.0, 0.0, 0.0, 0.0, 0.0, 0.0, 0.0, 0.0, 0.0, 0.0, 0.0, 0.0, 0.0, 0.0, 0.0, 18.808923508687812, 28.910347797647294, 22.604161603344636, 28.4607186482827, 19.587401324776756, 26.875963061045915, 30.0, 26.875963061045915, 22.604161603344636, 19.587401324776756, 0.0, 0.0, 0.0, 0.0, 0.0, 0.0, 0.0, 0.0, 0.0, 0.0, 0.0, 0.0, 0.0, 0.0, 0.0], [0.0, 0.0, 0.0, 0.0, 0.0, 0.0, 0.0, 0.0, 0.0, 0.0, 0.0, 0.0, 0.0, 0.0, 0.0, 18.808923508687812, 28.910347797647294, 22.604161603344636, 28.4607186482827, 19.587401324776756, 26.875963061045915, 30.0, 26.875963061045915, 22.604161603344636, 19.587401324776756, 0.0, 0.0, 0.0, 0.0, 0.0, 0.0, 0.0, 0.0, 0.0, 0.0, 0.0, 0.0, 0.0, 0.0, 0.0], [0.0, 0.0, 0.0, 0.0, 0.0, 0.0, 0.0, 0.0, 0.0, 0.0, 0.0, 0.0, 0.0, 0.0, 0.0, 18.808923508687812, 28.910347797647294, 22.604161603344636, 28.4607186482827, 19.587401324776756, 26.875963061045915, 30.0, 26.875963061045915, 22.604161603344636, 19.587401324776756, 0.0, 0.0, 0.0, 0.0, 0.0, 0.0, 0.0, 0.0, 0.0, 0.0, 0.0, 0.0, 0.0, 0.0, 0.0], [0.0, 0.0, 0.0, 0.0, 0.0, 0.0, 0.0, 0.0, 0.0, 0.0, 0.0, 0.0, 0.0, 0.0, 0.0, 18.808923508687812, 28.910347797647294, 22.604161603344636, 28.4607186482827, 19.587401324776756, 26.875963061045915, 30.0, 26.875963061045915, 22.604161603344636, 19.587401324776756, 0.0, 0.0, 0.0, 0.0, 0.0, 0.0, 0.0, 0.0, 0.0, 0.0, 0.0, 0.0, 0.0, 0.0, 0.0], [18.808923508687812, 18.808923508687812, 18.808923508687812, 18.808923508687812, 18.808923508687812, 18.808923508687812, 18.808923508687812, 18.808923508687812, 18.808923508687812, 18.808923508687812, 18.808923508687812, 18.808923508687812, 18.808923508687812, 18.808923508687812, 18.808923508687812, 0.0, 21.382067239577452, 20.340516909270832, 26.48746710495174, 28.945528873326484, 18.62257149657431, 16.088283972853848, 18.62257149657431, 20.340516909270832, 28.945528873326484, 18.808923508687812, 18.808923508687812, 18.808923508687812, 18.808923508687812, 18.808923508687812, 18.808923508687812, 18.808923508687812, 18.808923508687812, 18.808923508687812, 18.808923508687812, 18.808923508687812, 18.808923508687812, 18.808923508687812, 18.808923508687812, 18.808923508687812], [28.910347797647294, 28.910347797647294, 28.910347797647294, 28.910347797647294, 28.910347797647294, 28.910347797647294, 28.910347797647294, 28.910347797647294, 28.910347797647294, 28.910347797647294, 28.910347797647294, 28.910347797647294, 28.910347797647294, 28.910347797647294, 28.910347797647294, 21.382067239577452, 0.0, 7.799899418859862, 8.371274491179891, 22.225462672143077, 2.75949744518017, 10.037103077607455, 2.75949744518017, 7.799899418859862, 22.225462672143077, 28.910347797647294, 28.910347797647294, 28.910347797647294, 28.910347797647294, 28.910347797647294, 28.910347797647294, 28.910347797647294, 28.910347797647294, 28.910347797647294, 28.910347797647294, 28.910347797647294, 28.910347797647294, 28.910347797647294, 