{"num_workers": 15, "num_roles": 3, "num_nodes": 40, "w": [[0, 0], [0, 0], [0, 0], [0, 0], [0, 0], [0, 0], [0, 0], [0, 0], [0, 0], [0, 0], [0, 0], [0, 0], [0, 0], [0, 0], [0, 0], [60, 360], [300, 420], [60, 330], [60, 360], [180, 420], [60, 450], [240, 330], [60, 450], [60, 360], [60, 360], [480, 480], [480, 480], [480, 480], [480, 480], [480, 480], [480, 480], [480, 480], [480, 480], [480, 480], [480, 480], [480, 480], [480, 480], [480, 480], [480, 480], [480, 480]], "p": [0, 0, 0, 0, 0, 0, 0, 0, 0, 0, 0, 0, 0, 0, 0, 27.370406956159375, 35.958123926740704, 71.56753609975719, 57.679694562252706, 47.27078081976898, 47.73806902111289, 29.748046074233482, 23.869034510556446, 28.839847281126353, 13.685203478079687, 0, 0, 0, 0, 0, 0, 0, 0, 0, 0, 0, 0, 0, 0, 0], "e": [[0, 1, 1], [0, 1, 1], [1, 1, 0], [0, 1, 0], [0, 1, 0], [0, 1, 1], [1, 1, 0], [0, 1, 1], [1, 1, 0], [0, 1, 1], [1, 1, 0], [0, 1, 0], [1, 0, 0], [1, 0, 0], [0, 0, 1]], "d": [[0, 0, 1, 0, 0, 0, 1, 0, 0, 0], [0, 0, 1, 1, 1, 0, 1, 0, 2, 0], [2, 1, 1, 0, 0, 1, 1, 2, 0, 4]], "r": [4423, 2493, 3399, 4254, 4882, 829, 1793, 829, 4254, 4423], "g": [[0, 0, 0, 0, 0, 0, 0, 0, 0, 1], [0, 0, 0, 0, 0, 0, 0, 0, 0, 0], [0, 0, 0, 0, 0, 0, 0, 0, 0, 0], [0, 0, 0, 0, 0, 0, 0, 0, 1, 0], [0, 0, 0, 0, 0, 0, 0, 0, 0, 0], [0, 0, 0, 0, 0, 0, 0, 1, 0, 0], [0, 0, 0, 0, 0, 0, 0, 0, 0, 0], [0, 0, 0, 0, 0, 1, 0, 0, 0, 0], [0, 0, 0, 1, 0, 0, 0, 0, 0, 0], [1, 0, 0, 0, 0, 0, 0, 0, 0, 0]], "t": [[0.0, 0.0, 0.0, 0.0, 0.0, 0.0, 0.0, 0.0, 0.0, 0.0, 0.0, 0.0, 0.0, 0.0, 0.0, 27.165776210186156, 17.88788901152935, 14.707754988083975, 18.461700507515005, 7.140820719084907, 17.72519287095688, 13.127070607937545, 17.72519287095688, 18.461700507515005, 27.165776210186156, 0.0, 0.0, 0.0, 0.0, 0.0, 0.0, 0.0, 0.0, 0.0, 0.0, 0.0, 0.0, 0.0, 0.0, 0.0], [0.0, 0.0, 0.0, 0.0, 0.0, 0.0, 0.0, 0.0, 0.0, 0.0, 0.0, 0.0, 0.0, 0.0, 0.0, 27.165776210186156, 17.88788901152935, 14.707754988083975, 18.461700507515005, 7.140820719084907, 17.72519287095688, 13.127070607937545, 17.72519287095688, 18.461700507515005, 27.165776210186156, 0.0, 0.0, 0.0, 0.0, 0.0, 0.0, 0.0, 0.0, 0.0, 0.0, 0.0, 0.0, 0.0, 0.0, 0.0], [0.0, 0.0, 0.0, 0.0, 0.0, 0.0, 0.0, 0.0, 0.0, 0.0, 0.0, 0.0, 0.0, 0.0, 0.0, 27.165776210186156, 17.88788901152935, 14.707754988083975, 18.461700507515005, 7.140820719084907, 17.72519287095688, 13.127070607937545, 17.72519287095688, 18.461700507515005, 27.165776210186156, 0.0, 0.0, 0.0, 0.0, 0.0, 0.0, 0.0, 0.0, 0.0, 0.0, 0.0, 0.0, 0.0, 0.0, 0.0], [0.0, 0.0, 0.0, 0.0, 0.0, 0.0, 0.0, 0.0, 0.0, 0.0, 0.0, 0.0, 0.0, 0.0, 0.0, 27.165776210186156, 17.88788901152935, 14.707754988083975, 18.461700507515005, 7.140820719084907, 17.72519287095688, 13.127070607937545, 17.72519287095688, 18.461700507515005, 27.165776210186156, 0.0, 0.0, 0.0, 0.0, 0.0, 0.0, 0.0, 0.0, 0.0, 0.0, 0.0, 0.0, 0.0, 0.0, 0.0], [0.0, 0.0, 0.0, 0.0, 0.0, 0.0, 0.0, 0.0, 0.0, 0.0, 0.0, 0.0, 0.0, 0.0, 0.0, 27.165776210186156, 17.88788901152935, 14.707754988083975, 18.461700507515005, 7.140820719084907, 17.72519287095688, 13.127070607937545, 17.72519287095688, 18.461700507515005, 27.165776210186156, 0.0, 0.0, 0.0, 0.0, 0.0, 0.0, 0.0, 0.0, 0.0, 0.0, 0.0, 0.0, 0.0, 0.0, 0.0], [0.0, 0.0, 0.0, 0.0, 0.0, 0.0, 0.0, 0.0, 0.0, 0.0, 0.0, 0.0, 0.0, 0.0, 0.0, 27.165776210186156, 17.88788901152935, 14.707754988083975, 18.461700507515005, 7.140820719084907, 17.72519287095688, 13.127070607937545, 17.72519287095688, 18.461700507515005, 27.165776210186156, 0.0, 0.0, 0.0, 0.0, 0.0, 0.0, 0.0, 0.0, 0.0, 0.0, 0.0, 0.0, 0.0, 0.0, 0.0], [0.0, 0.0, 0.0, 0.0, 0.0, 0.0, 0.0, 0.0, 0.0, 0.0, 0.0, 0.0, 0.0, 0.0, 0.0, 27.165776210186156, 17.88788901152935, 14.707754988083975, 18.461700507515005, 7.140820719084907, 17.72519287095688, 13.127070607937545, 17.72519287095688, 18.461700507515005, 27.165776210186156, 0.0, 0.0, 0.0, 0.0, 0.0, 0.0, 0.0, 0.0, 0.0, 0.0, 0.0, 0.0, 0.0, 0.0, 0.0], [0.0, 0.0, 0.0, 0.0, 0.0, 0.0, 0.0, 0.0, 0.0, 0.0, 0.0, 0.0, 0.0, 0.0, 0.0, 27.165776210186156, 17.88788901152935, 14.707754988083975, 18.461700507515005, 7.140820719084907, 17.72519287095688, 13.127070607937545, 17.72519287095688, 18.461700507515005, 27.165776210186156, 0.0, 0.0, 0.0, 0.0, 0.0, 0.0, 0.0, 0.0, 0.0, 0.0, 0.0, 0.0, 0.0, 0.0, 0.0], [0.0, 0.0, 0.0, 0.0, 0.0, 0.0, 0.0, 0.0, 0.0, 0.0, 0.0, 0.0, 0.0, 0.0, 0.0, 27.165776210186156, 17.88788901152935, 14.707754988083975, 18.461700507515005, 7.140820719084907, 17.72519287095688, 13.127070607937545, 17.72519287095688, 18.461700507515005, 27.165776210186156, 0.0, 0.0, 0.0, 0.0, 0.0, 0.0, 0.0, 0.0, 0.0, 0.0, 0.0, 0.0, 0.0, 0.0, 0.0], [0.0, 0.0, 0.0, 0.0, 0.0, 0.0, 0.0, 0.0, 0.0, 0.0, 0.0, 0.0, 0.0, 0.0, 0.0, 27.165776210186156, 17.88788901152935, 14.707754988083975, 18.461700507515005, 7.140820719084907, 17.72519287095688, 13.127070607937545, 17.72519287095688, 18.461700507515005, 27.165776210186156, 0.0, 0.0, 0.0, 0.0, 0.0, 0.0, 0.0, 0.0, 0.0, 0.0, 0.0, 0.0, 0.0, 0.0, 0.0], [0.0, 0.0, 0.0, 0.0, 0.0, 0.0, 0.0, 0.0, 0.0, 0.0, 0.0, 0.0, 0.0, 0.0, 0.0, 27.165776210186156, 17.88788901152935, 14.707754988083975, 18.461700507515005, 7.140820719084907, 17.72519287095688, 13.127070607937545, 17.72519287095688, 18.461700507515005, 27.165776210186156, 0.0, 0.0, 0.0, 0.0, 0.0, 0.0, 0.0, 0.0, 0.0, 0.0, 0.0, 0.0, 0.0, 0.0, 0.0], [0.0, 0.0, 0.0, 0.0, 0.0, 0.0, 0.0, 0.0, 0.0, 0.0, 0.0, 0.0, 0.0, 0.0, 0.0, 27.165776210186156, 17.88788901152935, 14.707754988083975, 18.461700507515005, 7.140820719084907, 17.72519287095688, 13.127070607937545, 17.72519287095688, 18.461700507515005, 27.165776210186156, 0.0, 0.0, 0.0, 0.0, 0.0, 0.0, 0.0, 0.0, 0.0, 0.0, 0.0, 0.0, 0.0, 0.0, 0.0], [0.0, 0.0, 0.0, 0.0, 0.0, 0.0, 0.0, 0.0, 0.0, 0.0, 0.0, 0.0, 0.0, 0.0, 0.0, 27.165776210186156, 17.88788901152935, 14.707754988083975, 18.461700507515005, 7.140820719084907, 17.72519287095688, 13.127070607937545, 17.72519287095688, 18.461700507515005, 27.165776210186156, 0.0, 0.0, 0.0, 0.0, 0.0, 0.0, 0.0, 0.0, 0.0, 0.0, 0.0, 0.0, 0.0, 0.0, 0.0], [0.0, 0.0, 0.0, 0.0, 0.0, 0.0, 0.0, 0.0, 0.0, 0.0, 0.0, 0.0, 0.0, 0.0, 0.0, 27.165776210186156, 17.88788901152935, 14.707754988083975, 18.461700507515005, 7.140820719084907, 17.72519287095688, 13.127070607937545, 17.72519287095688, 18.461700507515005, 27.165776210186156, 0.0, 0.0, 0.0, 0.0, 0.0, 0.0, 0.0, 0.0, 0.0, 0.0, 0.0, 0.0, 0.0, 0.0, 0.0], [0.0, 0.0, 0.0, 0.0, 0.0, 0.0, 0.0, 0.0, 0.0, 0.0, 0.0, 0.0, 0.0, 0.0, 0.0, 27.165776210186156, 17.88788901152935, 14.707754988083975, 18.461700507515005, 7.140820719084907, 17.72519287095688, 13.127070607937545, 17.72519287095688, 18.461700507515005, 27.165776210186156, 0.0, 0.0, 0.0, 0.0, 0.0, 0.0, 0.0, 0.0, 0.0, 0.0, 0.0, 0.0, 0.0, 0.0, 0.0], [27.165776210186156, 27.165776210186156, 27.165776210186156, 27.165776210186156, 27.165776210186156, 27.165776210186156, 27.165776210186156, 27.165776210186156, 27.165776210186156, 27.165776210186156, 27.165776210186156, 27.165776210186156, 27.165776210186156, 27.165776210186156, 27.165776210186156, 0.0, 21.166309383324716, 16.001829830750527, 15.222867773614041, 20.05122572785434, 19.795223834074967, 30.0, 19.795223834074967, 15.222867773614041, 0.0, 27.165776210186156, 27.165776210186156, 27.165776210186156, 27.165776210186156, 27.165776210186156, 27.165776210186156, 27.165776210186156, 27.165776210186156, 27.165776210186156, 27.165776210186156, 27.165776210186156, 27.165776210186156, 27.165776210186156, 27.165776210186156, 27.165776210186156], [17.88788901152935, 17.88788901152935, 17.88788901152935, 17.88788901152935, 17.88788901152935, 17.88788901152935, 17.88788901152935, 17.88788901152935, 17.88788901152935, 17.88788901152935, 17.88788901152935, 17.88788901152935, 17.88788901152935, 17.88788901152935, 17.88788901152935, 21.166309383324716, 0.0, 6.966161951584571, 24.21039732426805, 15.023820293252218, 1.3811613267794352, 11.065764282696312, 1.3811613267794352, 24.21039732426805, 21.166309383324716, 17.88788901152935, 17.88788901152935, 17.88788901152935, 17.88788901152935, 17.88788901152935, 17.88788901152935, 