{"num_workers": 15, "num_roles": 5, "num_nodes": 40, "w": [[0, 0], [0, 0], [0, 0], [0, 0], [0, 0], [0, 0], [0, 0], [0, 0], [0, 0], [0, 0], [0, 0], [0, 0], [0, 0], [0, 0], [0, 0], [270, 300], [120, 390], [120, 240], [210, 330], [90, 240], [60, 270], [300, 450], [90, 420], [90, 180], [150, 360], [480, 480], [480, 480], [480, 480], [480, 480], [480, 480], [480, 480], [480, 480], [480, 480], [480, 480], [480, 480], [480, 480], [480, 480], [480, 480], [480, 480], [480, 480]], "p": [0, 0, 0, 0, 0, 0, 0, 0, 0, 0, 0, 0, 0, 0, 0, 21.70321779770463, 50.6349604503878, 16.282973987597288, 35.827871807299296, 42.1230021366524, 58.09766406561257, 36.90790437879214, 23.860097827953336, 15.836393671410091, 69.02682004489154, 0, 0, 0, 0, 0, 0, 0, 0, 0, 0, 0, 0, 0, 0, 0], "e": [[1, 0, 0, 1, 0], [0, 0, 0, 0, 1], [1, 0, 0, 0, 1], [0, 0, 0, 0, 1], [0, 0, 1, 0, 0], [1, 0, 0, 0, 0], [0, 0, 0, 1, 0], [0, 1, 0, 0, 0], [0, 1, 0, 0, 0], [0, 0, 1, 0, 0], [0, 1, 0, 0, 0], [0, 1, 0, 0, 0], [0, 0, 1, 0, 0], [0, 0, 0, 1, 0], [1, 0, 0, 0, 0]], "d": [[3, 1, 3, 1, 2, 1, 3, 3, 0, 0], [0, 0, 0, 0, 1, 0, 0, 0, 2, 2], [0, 0, 0, 2, 0, 2, 0, 0, 2, 2], [1, 1, 1, 0, 1, 0, 1, 1, 0, 0], [1, 1, 1, 0, 1, 0, 1, 1, 1, 1]], "r": [2894, 4043, 4288, 1197, 4644, 1979, 2865, 1773, 799, 4397], "g": [[0, 0, 0, 0, 0, 0, 0, 0, 0, 0], [0, 0, 0, 0, 0, 0, 0, 0, 0, 0], [0, 0, 0, 0, 0, 0, 0, 0, 0, 0], [0, 0, 0, 0, 0, 0, 0, 0, 0, 0], [0, 0, 0, 0, 0, 0, 0, 0, 0, 0], [0, 0, 0, 0, 0, 0, 0, 0, 0, 0], [0, 0, 0, 0, 0, 0, 0, 0, 0, 0], [0, 0, 0, 0, 0, 0, 0, 0, 0, 0], [0, 0, 0, 0, 0, 0, 0, 0, 0, 0], [0, 0, 0, 0, 0, 0, 0, 0, 0, 0]], "t": [[0.0, 0.0, 0.0, 0.0, 0.0, 0.0, 0.0, 0.0, 0.0, 0.0, 0.0, 0.0, 0.0, 0.0, 0.0, 34.051886187893935, 39.772360599603296, 13.80570806719758, 39.870961801997694, 37.83029998118987, 15.97508577231152, 39.36275426235855, 39.85262503065901, 43.29030928462372, 9.586299195607548, 0.0, 0.0, 0.0, 0.0, 0.0, 0.0, 0.0, 0.0, 0.0, 0.0, 0.0, 0.0, 0.0, 0.0, 0.0], [0.0, 0.0, 0.0, 0.0, 0.0, 0.0, 0.0, 0.0, 0.0, 0.0, 0.0, 0.0, 0.0, 0.0, 0.0, 34.051886187893935, 39.772360599603296, 13.80570806719758, 39.870961801997694, 37.83029998118987, 15.97508577231152, 39.36275426235855, 39.85262503065901, 43.29030928462372, 9.586299195607548, 0.0, 0.0, 0.0, 0.0, 0.0, 0.0, 0.0, 0.0, 0.0, 0.0, 0.0, 0.0, 0.0, 0.0, 0.0], [0.0, 0.0, 0.0, 0.0, 0.0, 0.0, 0.0, 0.0, 0.0, 0.0, 0.0, 0.0, 0.0, 0.0, 0.0, 34.051886187893935, 39.772360599603296, 13.80570806719758, 39.870961801997694, 37.83029998118987, 15.97508577231152, 39.36275426235855, 39.85262503065901, 43.29030928462372, 9.586299195607548, 0.0, 0.0, 0.0, 0.0, 0.0, 0.0, 0.0, 0.0, 0.0, 0.0, 0.0, 0.0, 0.0, 0.0, 0.0], [0.0, 0.0, 0.0, 0.0, 0.0, 0.0, 0.0, 0.0, 0.0, 0.0, 0.0, 0.0, 0.0, 0.0, 0.0, 34.051886187893935, 39.772360599603296, 13.80570806719758, 39.870961801997694, 37.83029998118987, 15.97508577231152, 39.36275426235855, 39.85262503065901, 43.29030928462372, 9.586299195607548, 0.0, 0.0, 0.0, 0.0, 0.0, 0.0, 0.0, 0.0, 0.0, 0.0, 0.0, 0.0, 0.0, 0.0, 0.0], [0.0, 0.0, 0.0, 0.0, 0.0, 0.0, 0.0, 0.0, 0.0, 0.0, 0.0, 0.0, 0.0, 0.0, 0.0, 34.051886187893935, 39.772360599603296, 13.80570806719758, 39.870961801997694, 37.83029998118987, 15.97508577231152, 39.36275426235855, 39.85262503065901, 43.29030928462372, 9.586299195607548, 0.0, 0.0, 0.0, 0.0, 0.0, 0.0, 0.0, 0.0, 0.0, 0.0, 0.0, 0.0, 0.0, 0.0, 0.0], [0.0, 0.0, 0.0, 0.0, 0.0, 0.0, 0.0, 0.0, 0.0, 0.0, 0.0, 0.0, 0.0, 0.0, 0.0, 34.051886187893935, 39.772360599603296, 13.80570806719758, 39.870961801997694, 37.83029998118987, 15.97508577231152, 39.36275426235855, 39.85262503065901, 43.29030928462372, 9.586299195607548, 0.0, 0.0, 0.0, 0.0, 0.0, 0.0, 0.0, 0.0, 0.0, 0.0, 0.0, 0.0, 0.0, 0.0, 0.0], [0.0, 0.0, 0.0, 0.0, 0.0, 0.0, 0.0, 0.0, 0.0, 0.0, 0.0, 0.0, 0.0, 0.0, 0.0, 34.051886187893935, 39.772360599603296, 13.80570806719758, 39.870961801997694, 37.83029998118987, 15.97508577231152, 39.36275426235855, 39.85262503065901, 43.29030928462372, 9.586299195607548, 0.0, 0.0, 0.0, 0.0, 0.0, 0.0, 0.0, 0.0, 0.0, 0.0, 0.0, 0.0, 0.0, 0.0, 0.0], [0.0, 0.0, 0.0, 0.0, 0.0, 0.0, 0.0, 0.0, 0.0, 0.0, 0.0, 0.0, 0.0, 0.0, 0.0, 34.051886187893935, 39.772360599603296, 13.80570806719758, 39.870961801997694, 37.83029998118987, 15.97508577231152, 39.36275426235855, 39.85262503065901, 43.29030928462372, 9.586299195607548, 0.0, 0.0, 0.0, 0.0, 0.0, 0.0, 0.0, 0.0, 0.0, 0.0, 0.0, 0.0, 0.0, 0.0, 0.0], [0.0, 0.0, 0.0, 0.0, 0.0, 0.0, 0.0, 0.0, 0.0, 0.0, 0.0, 0.0, 0.0, 0.0, 0.0, 34.051886187893935, 39.772360599603296, 13.80570806719758, 39.870961801997694, 37.83029998118987, 15.97508577231152, 39.36275426235855, 39.85262503065901, 43.29030928462372, 9.586299195607548, 0.0, 0.0, 0.0, 0.0, 0.0, 0.0, 0.0, 0.0, 0.0, 0.0, 0.0, 0.0, 0.0, 0.0, 0.0], [0.0, 0.0, 0.0, 0.0, 0.0, 0.0, 0.0, 0.0, 0.0, 0.0, 0.0, 0.0, 0.0, 0.0, 0.0, 34.051886187893935, 39.772360599603296, 13.80570806719758, 39.870961801997694, 37.83029998118987, 15.97508577231152, 39.36275426235855, 39.85262503065901, 43.29030928462372, 9.586299195607548, 0.0, 0.0, 0.0, 0.0, 0.0, 0.0, 0.0, 0.0, 0.0, 0.0, 0.0, 0.0, 0.0, 0.0, 0.0], [0.0, 0.0, 0.0, 0.0, 0.0, 0.0, 0.0, 0.0, 0.0, 0.0, 0.0, 0.0, 0.0, 0.0, 0.0, 34.051886187893935, 39.772360599603296, 13.80570806719758, 39.870961801997694, 37.83029998118987, 15.97508577231152, 39.36275426235855, 39.85262503065901, 43.29030928462372, 9.586299195607548, 0.0, 0.0, 0.0, 0.0, 0.0, 0.0, 0.0, 0.0, 0.0, 0.0, 0.0, 0.0, 0.0, 0.0, 0.0], [0.0, 0.0, 0.0, 0.0, 0.0, 0.0, 0.0, 0.0, 0.0, 0.0, 0.0, 0.0, 0.0, 0.0, 0.0, 34.051886187893935, 39.772360599603296, 13.80570806719758, 39.870961801997694, 37.83029998118987, 15.97508577231152, 39.36275426235855, 39.85262503065901, 43.29030928462372, 9.586299195607548, 0.0, 0.0, 0.0, 0.0, 0.0, 0.0, 0.0, 0.0, 0.0, 0.0, 0.0, 0.0, 0.0, 0.0, 0.0], [0.0, 0.0, 0.0, 0.0, 0.0, 0.0, 0.0, 0.0, 0.0, 0.0, 0.0, 0.0, 0.0, 0.0, 0.0, 34.051886187893935, 39.772360599603296, 13.80570806719758, 39.870961801997694, 37.83029998118987, 15.97508577231152, 39.36275426235855, 39.85262503065901, 43.29030928462372, 9.586299195607548, 0.0, 0.0, 0.0, 0.0, 0.0, 0.0, 0.0, 0.0, 0.0, 0.0, 0.0, 0.0, 0.0, 0.0, 0.0], [0.0, 0.0, 0.0, 0.0, 0.0, 0.0, 0.0, 0.0, 0.0, 0.0, 0.0, 0.0, 0.0, 0.0, 0.0, 34.051886187893935, 39.772360599603296, 13.80570806719758, 39.870961801997694, 37.83029998118987, 15.97508577231152, 39.36275426235855, 39.85262503065901, 43.29030928462372, 9.586299195607548, 0.0, 0.0, 0.0, 0.0, 0.0, 0.0, 0.0, 0.0, 0.0, 0.0, 0.0, 0.0, 0.0, 0.0, 0.0], [0.0, 0.0, 0.0, 0.0, 0.0, 0.0, 0.0, 0.0, 0.0, 0.0, 0.0, 0.0, 0.0, 0.0, 0.0, 34.051886187893935, 39.772360599603296, 13.80570806719758, 39.870961801997694, 37.83029998118987, 15.97508577231152, 39.36275426235855, 39.85262503065901, 43.29030928462372, 9.586299195607548, 0.0, 0.0, 0.0, 0.0, 0.0, 0.0, 0.0, 0.0, 0.0, 0.0, 0.0, 0.0, 0.0, 0.0, 0.0], [34.051886187893935, 34.051886187893935, 34.051886187893935, 34.051886187893935, 34.051886187893935, 34.051886187893935, 34.051886187893935, 34.051886187893935, 34.051886187893935, 34.051886187893935, 34.051886187893935, 34.051886187893935, 34.051886187893935, 34.051886187893935, 34.051886187893935, 0.0, 32.71721531534945, 26.305857830611085, 27.250568489695894, 18.607613496482983, 43.59397544921848, 11.540789011141795, 29.840562190314465, 28.13073013657773, 24.52760759377294, 34.051886187893935, 34.051886187893935, 34.051886187893935, 34.051886187893935, 34.051886187893935, 34.051886187893935, 34.051886187893935, 34.051886187893935, 34.051886187893935, 34.051886187893935, 34.051886187893935, 34.051886187893935, 34.051886187893935, 34.051886187893935, 34.051886187893935], [39.772360599603296, 39.772360599603296, 39.772360599603296, 39.772360599603296, 39.772360599603296, 39.772360599603296, 39.772360599603296, 39.772360599603296, 39.772360599603296, 39.772360599603296, 39.772360599603296, 39.772360599603296, 39.772360599603296, 39.772360599603296, 39.772360599603296, 32.71721531534945, 0.0, 43.76639332188523, 6.634463203920208, 15.26066911084246, 35.945475526084586, 44.25198097316322, 3.537790369355549, 60.0, 