{"num_workers": 15, "num_roles": 3, "num_nodes": 40, "w": [[0, 0], [0, 0], [0, 0], [0, 0], [0, 0], [0, 0], [0, 0], [0, 0], [0, 0], [0, 0], [0, 0], [0, 0], [0, 0], [0, 0], [0, 0], [60, 300], [90, 420], [60, 240], [150, 270], [330, 450], [150, 390], [330, 420], [150, 270], [150, 390], [330, 420], [480, 480], [480, 480], [480, 480], [480, 480], [480, 480], [480, 480], [480, 480], [480, 480], [480, 480], [480, 480], [480, 480], [480, 480], [480, 480], [480, 480], [480, 480]], "p": [0, 0, 0, 0, 0, 0, 0, 0, 0, 0, 0, 0, 0, 0, 0, 58.95578817620057, 69.83705278874095, 52.58087571722933, 64.23295530961526, 53.97204696437493, 49.771845098039975, 58.66379928929531, 32.11647765480763, 24.885922549019988, 29.331899644647656, 0, 0, 0, 0, 0, 0, 0, 0, 0, 0, 0, 0, 0, 0, 0], "e": [[0, 1, 1], [1, 1, 0], [0, 1, 1], [1, 1, 0], [1, 1, 0], [1, 1, 0], [0, 1, 0], [0, 1, 0], [1, 1, 0], [0, 1, 1], [0, 1, 1], [0, 0, 1], [1, 0, 0], [0, 0, 1], [0, 1, 0]], "d": [[1, 0, 2, 2, 1, 0, 2, 4, 0, 4], [1, 0, 0, 0, 1, 0, 0, 0, 0, 0], [1, 1, 1, 1, 1, 1, 1, 2, 2, 2]], "r": [1904, 4837, 3930, 1148, 1795, 542, 3435, 1148, 542, 3435], "g": [[0, 0, 0, 0, 0, 0, 0, 0, 0, 0], [0, 0, 0, 0, 0, 0, 0, 0, 0, 0], [0, 0, 0, 0, 0, 0, 0, 0, 0, 0], [0, 0, 0, 0, 0, 0, 0, 1, 0, 0], [0, 0, 0, 0, 0, 0, 0, 0, 0, 0], [0, 0, 0, 0, 0, 0, 0, 0, 1, 0], [0, 0, 0, 0, 0, 0, 0, 0, 0, 1], [0, 0, 0, 1, 0, 0, 0, 0, 0, 0], [0, 0, 0, 0, 0, 1, 0, 0, 0, 0], [0, 0, 0, 0, 0, 0, 1, 0, 0, 0]], "t": [[0.0, 0.0, 0.0, 0.0, 0.0, 0.0, 0.0, 0.0, 0.0, 0.0, 0.0, 0.0, 0.0, 0.0, 0.0, 28.76966673334713, 19.569116038688197, 29.554402640656615, 7.802386870079293, 28.337628142039303, 8.452874414246628, 26.23650567014312, 7.802386870079293, 8.452874414246628, 26.23650567014312, 0.0, 0.0, 0.0, 0.0, 0.0, 0.0, 0.0, 0.0, 0.0, 0.0, 0.0, 0.0, 0.0, 0.0, 0.0], [0.0, 0.0, 0.0, 0.0, 0.0, 0.0, 0.0, 0.0, 0.0, 0.0, 0.0, 0.0, 0.0, 0.0, 0.0, 28.76966673334713, 19.569116038688197, 29.554402640656615, 7.802386870079293, 28.337628142039303, 8.452874414246628, 26.23650567014312, 7.802386870079293, 8.452874414246628, 26.23650567014312, 0.0, 0.0, 0.0, 0.0, 0.0, 0.0, 0.0, 0.0, 0.0, 0.0, 0.0, 0.0, 0.0, 0.0, 0.0], [0.0, 0.0, 0.0, 0.0, 0.0, 0.0, 0.0, 0.0, 0.0, 0.0, 0.0, 0.0, 0.0, 0.0, 0.0, 28.76966673334713, 19.569116038688197, 29.554402640656615, 7.802386870079293, 28.337628142039303, 8.452874414246628, 26.23650567014312, 7.802386870079293, 8.452874414246628, 26.23650567014312, 0.0, 0.0, 0.0, 0.0, 0.0, 0.0, 0.0, 0.0, 0.0, 0.0, 0.0, 0.0, 0.0, 0.0, 0.0], [0.0, 0.0, 0.0, 0.0, 0.0, 0.0, 0.0, 0.0, 0.0, 0.0, 0.0, 0.0, 0.0, 0.0, 0.0, 28.76966673334713, 19.569116038688197, 29.554402640656615, 7.802386870079293, 28.337628142039303, 8.452874414246628, 26.23650567014312, 7.802386870079293, 8.452874414246628, 26.23650567014312, 0.0, 0.0, 0.0, 0.0, 0.0, 0.0, 0.0, 0.0, 0.0, 0.0, 0.0, 0.0, 0.0, 0.0, 0.0], [0.0, 0.0, 0.0, 0.0, 0.0, 0.0, 0.0, 0.0, 0.0, 0.0, 0.0, 0.0, 0.0, 0.0, 0.0, 28.76966673334713, 19.569116038688197, 29.554402640656615, 7.802386870079293, 28.337628142039303, 8.452874414246628, 26.23650567014312, 7.802386870079293, 8.452874414246628, 26.23650567014312, 0.0, 0.0, 0.0, 0.0, 0.0, 0.0, 0.0, 0.0, 0.0, 0.0, 0.0, 0.0, 0.0, 0.0, 0.0], [0.0, 0.0, 0.0, 0.0, 0.0, 0.0, 0.0, 0.0, 0.0, 0.0, 0.0, 0.0, 0.0, 0.0, 0.0, 28.76966673334713, 19.569116038688197, 29.554402640656615, 7.802386870079293, 28.337628142039303, 8.452874414246628, 26.23650567014312, 7.802386870079293, 8.452874414246628, 26.23650567014312, 0.0, 0.0, 0.0, 0.0, 0.0, 0.0, 0.0, 0.0, 0.0, 0.0, 0.0, 0.0, 0.0, 0.0, 0.0], [0.0, 0.0, 0.0, 0.0, 0.0, 0.0, 0.0, 0.0, 0.0, 0.0, 0.0, 0.0, 0.0, 0.0, 0.0, 28.76966673334713, 19.569116038688197, 29.554402640656615, 7.802386870079293, 28.337628142039303, 8.452874414246628, 26.23650567014312, 7.802386870079293, 8.452874414246628, 26.23650567014312, 0.0, 0.0, 0.0, 0.0, 0.0, 0.0, 0.0, 0.0, 0.0, 0.0, 0.0, 0.0, 0.0, 0.0, 0.0], [0.0, 0.0, 0.0, 0.0, 0.0, 0.0, 0.0, 0.0, 0.0, 0.0, 0.0, 0.0, 0.0, 0.0, 0.0, 28.76966673334713, 19.569116038688197, 29.554402640656615, 7.802386870079293, 28.337628142039303, 8.452874414246628, 26.23650567014312, 7.802386870079293, 8.452874414246628, 26.23650567014312, 0.0, 0.0, 0.0, 0.0, 0.0, 0.0, 0.0, 0.0, 0.0, 0.0, 0.0, 0.0, 0.0, 0.0, 0.0], [0.0, 0.0, 0.0, 0.0, 0.0, 0.0, 0.0, 0.0, 0.0, 0.0, 0.0, 0.0, 0.0, 0.0, 0.0, 28.76966673334713, 19.569116038688197, 29.554402640656615, 7.802386870079293, 28.337628142039303, 8.452874414246628, 26.23650567014312, 7.802386870079293, 8.452874414246628, 26.23650567014312, 0.0, 0.0, 0.0, 0.0, 0.0, 0.0, 0.0, 0.0, 0.0, 0.0, 0.0, 0.0, 0.0, 0.0, 0.0], [0.0, 0.0, 0.0, 0.0, 0.0, 0.0, 0.0, 0.0, 0.0, 0.0, 0.0, 0.0, 0.0, 0.0, 0.0, 28.76966673334713, 19.569116038688197, 29.554402640656615, 7.802386870079293, 28.337628142039303, 8.452874414246628, 26.23650567014312, 7.802386870079293, 8.452874414246628, 26.23650567014312, 0.0, 0.0, 0.0, 0.0, 0.0, 0.0, 0.0, 0.0, 0.0, 0.0, 0.0, 0.0, 0.0, 0.0, 0.0], [0.0, 0.0, 0.0, 0.0, 0.0, 0.0, 0.0, 0.0, 0.0, 0.0, 0.0, 0.0, 0.0, 0.0, 0.0, 28.76966673334713, 19.569116038688197, 29.554402640656615, 7.802386870079293, 28.337628142039303, 8.452874414246628, 26.23650567014312, 7.802386870079293, 8.452874414246628, 26.23650567014312, 0.0, 0.0, 0.0, 0.0, 0.0, 0.0, 0.0, 0.0, 0.0, 0.0, 0.0, 0.0, 0.0, 0.0, 0.0], [0.0, 0.0, 0.0, 0.0, 0.0, 0.0, 0.0, 0.0, 0.0, 0.0, 0.0, 0.0, 0.0, 0.0, 0.0, 28.76966673334713, 19.569116038688197, 29.554402640656615, 7.802386870079293, 28.337628142039303, 8.452874414246628, 26.23650567014312, 7.802386870079293, 8.452874414246628, 26.23650567014312, 0.0, 0.0, 0.0, 0.0, 0.0, 0.0, 0.0, 0.0, 0.0, 0.0, 0.0, 0.0, 0.0, 0.0, 0.0], [0.0, 0.0, 0.0, 0.0, 0.0, 0.0, 0.0, 0.0, 0.0, 0.0, 0.0, 0.0, 0.0, 0.0, 0.0, 28.76966673334713, 19.569116038688197, 29.554402640656615, 7.802386870079293, 28.337628142039303, 8.452874414246628, 26.23650567014312, 7.802386870079293, 8.452874414246628, 26.23650567014312, 0.0, 0.0, 0.0, 0.0, 0.0, 0.0, 0.0, 0.0, 0.0, 0.0, 0.0, 0.0, 0.0, 0.0, 0.0], [0.0, 0.0, 0.0, 0.0, 0.0, 0.0, 0.0, 0.0, 0.0, 0.0, 0.0, 0.0, 0.0, 0.0, 0.0, 28.76966673334713, 19.569116038688197, 29.554402640656615, 7.802386870079293, 28.337628142039303, 8.452874414246628, 26.23650567014312, 7.802386870079293, 8.452874414246628, 26.23650567014312, 0.0, 0.0, 0.0, 0.0, 0.0, 0.0, 0.0, 0.0, 0.0, 0.0, 0.0, 0.0, 0.0, 0.0, 0.0], [0.0, 0.0, 0.0, 0.0, 0.0, 0.0, 0.0, 0.0, 0.0, 0.0, 0.0, 0.0, 0.0, 0.0, 0.0, 28.76966673334713, 19.569116038688197, 29.554402640656615, 7.802386870079293, 28.337628142039303, 8.452874414246628, 26.23650567014312, 7.802386870079293, 8.452874414246628, 26.23650567014312, 0.0, 0.0, 0.0, 0.0, 0.0, 0.0, 0.0, 0.0, 0.0, 0.0, 0.0, 0.0, 0.0, 0.0, 0.0], [28.76966673334713, 28.76966673334713, 28.76966673334713, 28.76966673334713, 28.76966673334713, 28.76966673334713, 28.76966673334713, 28.76966673334713, 28.76966673334713, 28.76966673334713, 28.76966673334713, 28.76966673334713, 28.76966673334713, 28.76966673334713, 28.76966673334713, 0.0, 13.603877920877808, 18.993395479845795, 21.261291097713713, 17.074481234057778, 23.803075650105306, 24.46844778254978, 21.261291097713713, 23.803075650105306, 24.46844778254978, 28.76966673334713, 28.76966673334713, 28.76966673334713, 28.76966673334713, 28.76966673334713, 28.76966673334713, 28.76966673334713, 28.76966673334713, 28.76966673334713, 28.76966673334713, 28.76966673334713, 28.76966673334713, 28.76966673334713, 28.76966673334713, 28.76966673334713], [19.569116038688197, 19.569116038688197, 19.569116038688197, 19.569116038688197, 19.569116038688197, 19.569116038688197, 19.569116038688197, 19.569116038688197, 19.569116038688197, 19.569116038688197, 19.569116038688197, 19.569116038688197, 19.569116038688197, 19.569116038688197, 19.569116038688197, 13.603877920877808, 0.0, 11.49498880249104, 14.241546804850259, 9.752731114448508, 18.655388826398195, 12.896699566344854, 14.241546804850259, 18.655388826398195, 12.896699566344854, 19.569116038688197, 19.569116038688197, 19.569116038688197, 19.569116038688197, 19.569116038688197, 19.569116038688197, 19.569116038688197, 