{"num_workers": 15, "num_roles": 3, "num_nodes": 40, "w": [[0, 0], [0, 0], [0, 0], [0, 0], [0, 0], [0, 0], [0, 0], [0, 0], [0, 0], [0, 0], [0, 0], [0, 0], [0, 0], [0, 0], [0, 0], [60, 90], [120, 240], [60, 90], [90, 240], [300, 450], [300, 390], [60, 330], [300, 450], [60, 90], [120, 240], [480, 480], [480, 480], [480, 480], [480, 480], [480, 480], [480, 480], [480, 480], [480, 480], [480, 480], [480, 480], [480, 480], [480, 480], [480, 480], [480, 480], [480, 480]], "p": [0, 0, 0, 0, 0, 0, 0, 0, 0, 0, 0, 0, 0, 0, 0, 61.77667158141287, 44.48800652806575, 70.89665952559022, 26.651754022205584, 29.392968048090143, 29.999222779626866, 67.52398791276968, 14.696484024045072, 35.44832976279511, 22.244003264032877, 0, 0, 0, 0, 0, 0, 0, 0, 0, 0, 0, 0, 0, 0, 0], "e": [[1, 0, 1], [1, 1, 0], [0, 1, 1], [0, 1, 1], [0, 1, 0], [1, 1, 0], [1, 1, 0], [0, 1, 0], [0, 1, 1], [0, 1, 1], [0, 1, 1], [0, 1, 0], [1, 0, 0], [0, 1, 0], [1, 0, 0]], "d": [[0, 0, 0, 0, 0, 0, 0, 0, 0, 0], [1, 1, 1, 1, 1, 1, 1, 2, 2, 2], [0, 0, 1, 1, 1, 0, 0, 2, 2, 0]], "r": [2427, 3558, 3890, 1437, 1350, 3976, 3515, 1350, 3890, 3558], "g": [[0, 0, 0, 0, 0, 0, 0, 0, 0, 0], [0, 0, 0, 0, 0, 0, 0, 0, 0, 1], [0, 0, 0, 0, 0, 0, 0, 0, 1, 0], [0, 0, 0, 0, 0, 0, 0, 0, 0, 0], [0, 0, 0, 0, 0, 0, 0, 1, 0, 0], [0, 0, 0, 0, 0, 0, 0, 0, 0, 0], [0, 0, 0, 0, 0, 0, 0, 0, 0, 0], [0, 0, 0, 0, 1, 0, 0, 0, 0, 0], [0, 0, 1, 0, 0, 0, 0, 0, 0, 0], [0, 1, 0, 0, 0, 0, 0, 0, 0, 0]], "t": [[0.0, 0.0, 0.0, 0.0, 0.0, 0.0, 0.0, 0.0, 0.0, 0.0, 0.0, 0.0, 0.0, 0.0, 0.0, 19.2803941317534, 8.386728551017073, 19.88014504881701, 9.817830059699947, 3.376323392345529, 22.586731925825035, 15.823874076185774, 3.376323392345529, 19.88014504881701, 8.386728551017073, 0.0, 0.0, 0.0, 0.0, 0.0, 0.0, 0.0, 0.0, 0.0, 0.0, 0.0, 0.0, 0.0, 0.0, 0.0], [0.0, 0.0, 0.0, 0.0, 0.0, 0.0, 0.0, 0.0, 0.0, 0.0, 0.0, 0.0, 0.0, 0.0, 0.0, 19.2803941317534, 8.386728551017073, 19.88014504881701, 9.817830059699947, 3.376323392345529, 22.586731925825035, 15.823874076185774, 3.376323392345529, 19.88014504881701, 8.386728551017073, 0.0, 0.0, 0.0, 0.0, 0.0, 0.0, 0.0, 0.0, 0.0, 0.0, 0.0, 0.0, 0.0, 0.0, 0.0], [0.0, 0.0, 0.0, 0.0, 0.0, 0.0, 0.0, 0.0, 0.0, 0.0, 0.0, 0.0, 0.0, 0.0, 0.0, 19.2803941317534, 8.386728551017073, 19.88014504881701, 9.817830059699947, 3.376323392345529, 22.586731925825035, 15.823874076185774, 3.376323392345529, 19.88014504881701, 8.386728551017073, 0.0, 0.0, 0.0, 0.0, 0.0, 0.0, 0.0, 0.0, 0.0, 0.0, 0.0, 0.0, 0.0, 0.0, 0.0], [0.0, 0.0, 0.0, 0.0, 0.0, 0.0, 0.0, 0.0, 0.0, 0.0, 0.0, 0.0, 0.0, 0.0, 0.0, 19.2803941317534, 8.386728551017073, 19.88014504881701, 9.817830059699947, 3.376323392345529, 22.586731925825035, 15.823874076185774, 3.376323392345529, 19.88014504881701, 8.386728551017073, 0.0, 0.0, 0.0, 0.0, 0.0, 0.0, 0.0, 0.0, 0.0, 0.0, 0.0, 0.0, 0.0, 0.0, 0.0], [0.0, 0.0, 0.0, 0.0, 0.0, 0.0, 0.0, 0.0, 0.0, 0.0, 0.0, 0.0, 0.0, 0.0, 0.0, 19.2803941317534, 8.386728551017073, 19.88014504881701, 9.817830059699947, 3.376323392345529, 22.586731925825035, 15.823874076185774, 3.376323392345529, 19.88014504881701, 8.386728551017073, 0.0, 0.0, 0.0, 0.0, 0.0, 0.0, 0.0, 0.0, 0.0, 0.0, 0.0, 0.0, 0.0, 0.0, 0.0], [0.0, 0.0, 0.0, 0.0, 0.0, 0.0, 0.0, 0.0, 0.0, 0.0, 0.0, 0.0, 0.0, 0.0, 0.0, 19.2803941317534, 8.386728551017073, 19.88014504881701, 9.817830059699947, 3.376323392345529, 22.586731925825035, 15.823874076185774, 3.376323392345529, 19.88014504881701, 8.386728551017073, 0.0, 0.0, 0.0, 0.0, 0.0, 0.0, 0.0, 0.0, 0.0, 0.0, 0.0, 0.0, 0.0, 0.0, 0.0], [0.0, 0.0, 0.0, 0.0, 0.0, 0.0, 0.0, 0.0, 0.0, 0.0, 0.0, 0.0, 0.0, 0.0, 0.0, 19.2803941317534, 8.386728551017073, 19.88014504881701, 9.817830059699947, 3.376323392345529, 22.586731925825035, 15.823874076185774, 3.376323392345529, 19.88014504881701, 8.386728551017073, 0.0, 0.0, 0.0, 0.0, 0.0, 0.0, 0.0, 0.0, 0.0, 0.0, 0.0, 0.0, 0.0, 0.0, 0.0], [0.0, 0.0, 0.0, 0.0, 0.0, 0.0, 0.0, 0.0, 0.0, 0.0, 0.0, 0.0, 0.0, 0.0, 0.0, 19.2803941317534, 8.386728551017073, 19.88014504881701, 9.817830059699947, 3.376323392345529, 22.586731925825035, 15.823874076185774, 3.376323392345529, 19.88014504881701, 8.386728551017073, 0.0, 0.0, 0.0, 0.0, 0.0, 0.0, 0.0, 0.0, 0.0, 0.0, 0.0, 0.0, 0.0, 0.0, 0.0], [0.0, 0.0, 0.0, 0.0, 0.0, 0.0, 0.0, 0.0, 0.0, 0.0, 0.0, 0.0, 0.0, 0.0, 0.0, 19.2803941317534, 8.386728551017073, 19.88014504881701, 9.817830059699947, 3.376323392345529, 22.586731925825035, 15.823874076185774, 3.376323392345529, 19.88014504881701, 8.386728551017073, 0.0, 0.0, 0.0, 0.0, 0.0, 0.0, 0.0, 0.0, 0.0, 0.0, 0.0, 0.0, 0.0, 0.0, 0.0], [0.0, 0.0, 0.0, 0.0, 0.0, 0.0, 0.0, 0.0, 0.0, 0.0, 0.0, 0.0, 0.0, 0.0, 0.0, 19.2803941317534, 8.386728551017073, 19.88014504881701, 9.817830059699947, 3.376323392345529, 22.586731925825035, 15.823874076185774, 3.376323392345529, 19.88014504881701, 8.386728551017073, 0.0, 0.0, 0.0, 0.0, 0.0, 0.0, 0.0, 0.0, 0.0, 0.0, 0.0, 0.0, 0.0, 0.0, 0.0], [0.0, 0.0, 0.0, 0.0, 0.0, 0.0, 0.0, 0.0, 0.0, 0.0, 0.0, 0.0, 0.0, 0.0, 0.0, 19.2803941317534, 8.386728551017073, 19.88014504881701, 9.817830059699947, 3.376323392345529, 22.586731925825035, 15.823874076185774, 3.376323392345529, 19.88014504881701, 8.386728551017073, 0.0, 0.0, 0.0, 0.0, 0.0, 0.0, 0.0, 0.0, 0.0, 0.0, 0.0, 0.0, 0.0, 0.0, 0.0], [0.0, 0.0, 0.0, 0.0, 0.0, 0.0, 0.0, 0.0, 0.0, 0.0, 0.0, 0.0, 0.0, 0.0, 0.0, 19.2803941317534, 8.386728551017073, 19.88014504881701, 9.817830059699947, 3.376323392345529, 22.586731925825035, 15.823874076185774, 3.376323392345529, 19.88014504881701, 8.386728551017073, 0.0, 0.0, 0.0, 0.0, 0.0, 0.0, 0.0, 0.0, 0.0, 0.0, 0.0, 0.0, 0.0, 0.0, 0.0], [0.0, 0.0, 0.0, 0.0, 0.0, 0.0, 0.0, 0.0, 0.0, 0.0, 0.0, 0.0, 0.0, 0.0, 0.0, 19.2803941317534, 8.386728551017073, 19.88014504881701, 9.817830059699947, 3.376323392345529, 22.586731925825035, 15.823874076185774, 3.376323392345529, 19.88014504881701, 8.386728551017073, 0.0, 0.0, 0.0, 0.0, 0.0, 0.0, 0.0, 0.0, 0.0, 0.0, 0.0, 0.0, 0.0, 0.0, 0.0], [0.0, 0.0, 0.0, 0.0, 0.0, 0.0, 0.0, 0.0, 0.0, 0.0, 0.0, 0.0, 0.0, 0.0, 0.0, 19.2803941317534, 8.386728551017073, 19.88014504881701, 9.817830059699947, 3.376323392345529, 22.586731925825035, 15.823874076185774, 3.376323392345529, 19.88014504881701, 8.386728551017073, 0.0, 0.0, 0.0, 0.0, 0.0, 0.0, 0.0, 0.0, 0.0, 0.0, 0.0, 0.0, 0.0, 0.0, 0.0], [0.0, 0.0, 0.0, 0.0, 0.0, 0.0, 0.0, 0.0, 0.0, 0.0, 0.0, 0.0, 0.0, 0.0, 0.0, 19.2803941317534, 8.386728551017073, 19.88014504881701, 9.817830059699947, 3.376323392345529, 22.586731925825035, 15.823874076185774, 3.376323392345529, 19.88014504881701, 8.386728551017073, 0.0, 0.0, 0.0, 0.0, 0.0, 0.0, 0.0, 0.0, 0.0, 0.0, 0.0, 0.0, 0.0, 0.0, 0.0], [19.2803941317534, 19.2803941317534, 19.2803941317534, 19.2803941317534, 19.2803941317534, 19.2803941317534, 19.2803941317534, 19.2803941317534, 19.2803941317534, 19.2803941317534, 19.2803941317534, 19.2803941317534, 19.2803941317534, 19.2803941317534, 19.2803941317534, 0.0, 27.60646862507971, 6.471617920387784, 29.00352412217103, 16.238675466492985, 14.90701540368187, 4.729052746531892, 16.238675466492985, 6.471617920387784, 27.60646862507971, 19.2803941317534, 19.2803941317534, 19.2803941317534, 19.2803941317534, 19.2803941317534, 19.2803941317534, 19.2803941317534, 19.2803941317534, 19.2803941317534, 19.2803941317534, 19.2803941317534, 19.2803941317534, 19.2803941317534, 19.2803941317534, 19.2803941317534], [8.386728551017073, 8.386728551017073, 8.386728551017073, 8.386728551017073, 8.386728551017073, 8.386728551017073, 8.386728551017073, 8.386728551017073, 8.386728551017073, 8.386728551017073, 8.386728551017073, 8.386728551017073, 8.386728551017073, 8.386728551017073, 8.386728551017073, 27.60646862507971, 0.0, 27.606837891294703, 3.1845557628877152, 11.678589105089364, 30.0, 24.206012675454414, 11.678589105089364, 27.606837891294703, 0.0, 8.386728551017073, 8.386728551017073, 8.386728551017073, 8.386728551017073, 8.386728551017073, 8.386728551017073, 8.386728551017073, 8.386728551017073, 8.386728551017073, 8.386728551017073, 8.386728551017073, 8.386728551017073, 8.386728551017073, 