{"num_workers": 15, "num_roles": 5, "num_nodes": 40, "w": [[0, 0], [0, 0], [0, 0], [0, 0], [0, 0], [0, 0], [0, 0], [0, 0], [0, 0], [0, 0], [0, 0], [0, 0], [0, 0], [0, 0], [0, 0], [180, 420], [150, 270], [60, 450], [120, 240], [210, 330], [180, 360], [360, 450], [210, 240], [240, 420], [150, 450], [480, 480], [480, 480], [480, 480], [480, 480], [480, 480], [480, 480], [480, 480], [480, 480], [480, 480], [480, 480], [480, 480], [480, 480], [480, 480], [480, 480], [480, 480]], "p": [0, 0, 0, 0, 0, 0, 0, 0, 0, 0, 0, 0, 0, 0, 0, 54.77275785065405, 51.3510809407815, 39.23665034912362, 24.62407068912637, 38.230690526592895, 53.41339437500976, 45.539398708396035, 39.84703497597741, 37.976410231656956, 52.87873356424562, 0, 0, 0, 0, 0, 0, 0, 0, 0, 0, 0, 0, 0, 0, 0], "e": [[0, 0, 0, 1, 0], [1, 0, 0, 1, 0], [1, 0, 0, 1, 0], [0, 0, 1, 0, 0], [0, 0, 0, 0, 1], [0, 0, 1, 0, 0], [0, 1, 0, 0, 0], [1, 0, 0, 0, 0], [0, 1, 0, 0, 0], [0, 1, 0, 0, 0], [0, 0, 0, 0, 1], [1, 0, 0, 0, 0], [0, 1, 0, 0, 0], [0, 0, 1, 0, 0], [0, 0, 0, 0, 1]], "d": [[1, 0, 0, 0, 0, 0, 0, 1, 0, 0], [1, 1, 1, 1, 1, 1, 1, 1, 1, 1], [0, 0, 0, 0, 0, 0, 0, 0, 0, 0], [1, 2, 2, 2, 2, 3, 3, 1, 2, 2], [0, 1, 1, 1, 1, 0, 0, 0, 1, 1]], "r": [2452, 1725, 3874, 1647, 4021, 4354, 779, 2831, 3523, 1390], "g": [[0, 0, 0, 0, 0, 0, 0, 0, 0, 0], [0, 0, 0, 0, 0, 0, 0, 0, 0, 0], [0, 0, 0, 0, 0, 0, 0, 0, 0, 0], [0, 0, 0, 0, 0, 0, 0, 0, 0, 0], [0, 0, 0, 0, 0, 0, 0, 0, 0, 0], [0, 0, 0, 0, 0, 0, 0, 0, 0, 0], [0, 0, 0, 0, 0, 0, 0, 0, 0, 0], [0, 0, 0, 0, 0, 0, 0, 0, 0, 0], [0, 0, 0, 0, 0, 0, 0, 0, 0, 0], [0, 0, 0, 0, 0, 0, 0, 0, 0, 0]], "t": [[0.0, 0.0, 0.0, 0.0, 0.0, 0.0, 0.0, 0.0, 0.0, 0.0, 0.0, 0.0, 0.0, 0.0, 0.0, 27.2537888339285, 44.020729469789266, 8.540588681334938, 19.710964969364852, 16.20404122772045, 6.086566952456786, 51.013330398420315, 13.740553673309094, 53.241218309707286, 18.383896667167022, 0.0, 0.0, 0.0, 0.0, 0.0, 0.0, 0.0, 0.0, 0.0, 0.0, 0.0, 0.0, 0.0, 0.0, 0.0], [0.0, 0.0, 0.0, 0.0, 0.0, 0.0, 0.0, 0.0, 0.0, 0.0, 0.0, 0.0, 0.0, 0.0, 0.0, 27.2537888339285, 44.020729469789266, 8.540588681334938, 19.710964969364852, 16.20404122772045, 6.086566952456786, 51.013330398420315, 13.740553673309094, 53.241218309707286, 18.383896667167022, 0.0, 0.0, 0.0, 0.0, 0.0, 0.0, 0.0, 0.0, 0.0, 0.0, 0.0, 0.0, 0.0, 0.0, 0.0], [0.0, 0.0, 0.0, 0.0, 0.0, 0.0, 0.0, 0.0, 0.0, 0.0, 0.0, 0.0, 0.0, 0.0, 0.0, 27.2537888339285, 44.020729469789266, 8.540588681334938, 19.710964969364852, 16.20404122772045, 6.086566952456786, 51.013330398420315, 13.740553673309094, 53.241218309707286, 18.383896667167022, 0.0, 0.0, 0.0, 0.0, 0.0, 0.0, 0.0, 0.0, 0.0, 0.0, 0.0, 0.0, 0.0, 0.0, 0.0], [0.0, 0.0, 0.0, 0.0, 0.0, 0.0, 0.0, 0.0, 0.0, 0.0, 0.0, 0.0, 0.0, 0.0, 0.0, 27.2537888339285, 44.020729469789266, 8.540588681334938, 19.710964969364852, 16.20404122772045, 6.086566952456786, 51.013330398420315, 13.740553673309094, 53.241218309707286, 18.383896667167022, 0.0, 0.0, 0.0, 0.0, 0.0, 0.0, 0.0, 0.0, 0.0, 0.0, 0.0, 0.0, 0.0, 0.0, 0.0], [0.0, 0.0, 0.0, 0.0, 0.0, 0.0, 0.0, 0.0, 0.0, 0.0, 0.0, 0.0, 0.0, 0.0, 0.0, 27.2537888339285, 44.020729469789266, 8.540588681334938, 19.710964969364852, 16.20404122772045, 6.086566952456786, 51.013330398420315, 13.740553673309094, 53.241218309707286, 18.383896667167022, 0.0, 0.0, 0.0, 0.0, 0.0, 0.0, 0.0, 0.0, 0.0, 0.0, 0.0, 0.0, 0.0, 0.0, 0.0], [0.0, 0.0, 0.0, 0.0, 0.0, 0.0, 0.0, 0.0, 0.0, 0.0, 0.0, 0.0, 0.0, 0.0, 0.0, 27.2537888339285, 44.020729469789266, 8.540588681334938, 19.710964969364852, 16.20404122772045, 6.086566952456786, 51.013330398420315, 13.740553673309094, 53.241218309707286, 18.383896667167022, 0.0, 0.0, 0.0, 0.0, 0.0, 0.0, 0.0, 0.0, 0.0, 0.0, 0.0, 0.0, 0.0, 0.0, 0.0], [0.0, 0.0, 0.0, 0.0, 0.0, 0.0, 0.0, 0.0, 0.0, 0.0, 0.0, 0.0, 0.0, 0.0, 0.0, 27.2537888339285, 44.020729469789266, 8.540588681334938, 19.710964969364852, 16.20404122772045, 6.086566952456786, 51.013330398420315, 13.740553673309094, 53.241218309707286, 18.383896667167022, 0.0, 0.0, 0.0, 0.0, 0.0, 0.0, 0.0, 0.0, 0.0, 0.0, 0.0, 0.0, 0.0, 0.0, 0.0], [0.0, 0.0, 0.0, 0.0, 0.0, 0.0, 0.0, 0.0, 0.0, 0.0, 0.0, 0.0, 0.0, 0.0, 0.0, 27.2537888339285, 44.020729469789266, 8.540588681334938, 19.710964969364852, 16.20404122772045, 6.086566952456786, 51.013330398420315, 13.740553673309094, 53.241218309707286, 18.383896667167022, 0.0, 0.0, 0.0, 0.0, 0.0, 0.0, 0.0, 0.0, 0.0, 0.0, 0.0, 0.0, 0.0, 0.0, 0.0], [0.0, 0.0, 0.0, 0.0, 0.0, 0.0, 0.0, 0.0, 0.0, 0.0, 0.0, 0.0, 0.0, 0.0, 0.0, 27.2537888339285, 44.020729469789266, 8.540588681334938, 19.710964969364852, 16.20404122772045, 6.086566952456786, 51.013330398420315, 13.740553673309094, 53.241218309707286, 18.383896667167022, 0.0, 0.0, 0.0, 0.0, 0.0, 0.0, 0.0, 0.0, 0.0, 0.0, 0.0, 0.0, 0.0, 0.0, 0.0], [0.0, 0.0, 0.0, 0.0, 0.0, 0.0, 0.0, 0.0, 0.0, 0.0, 0.0, 0.0, 0.0, 0.0, 0.0, 27.2537888339285, 44.020729469789266, 8.540588681334938, 19.710964969364852, 16.20404122772045, 6.086566952456786, 51.013330398420315, 13.740553673309094, 53.241218309707286, 18.383896667167022, 0.0, 0.0, 0.0, 0.0, 0.0, 0.0, 0.0, 0.0, 0.0, 0.0, 0.0, 0.0, 0.0, 0.0, 0.0], [0.0, 0.0, 0.0, 0.0, 0.0, 0.0, 0.0, 0.0, 0.0, 0.0, 0.0, 0.0, 0.0, 0.0, 0.0, 27.2537888339285, 44.020729469789266, 8.540588681334938, 19.710964969364852, 16.20404122772045, 6.086566952456786, 51.013330398420315, 13.740553673309094, 53.241218309707286, 18.383896667167022, 0.0, 0.0, 0.0, 0.0, 0.0, 0.0, 0.0, 0.0, 0.0, 0.0, 0.0, 0.0, 0.0, 0.0, 0.0], [0.0, 0.0, 0.0, 0.0, 0.0, 0.0, 0.0, 0.0, 0.0, 0.0, 0.0, 0.0, 0.0, 0.0, 0.0, 27.2537888339285, 44.020729469789266, 8.540588681334938, 19.710964969364852, 16.20404122772045, 6.086566952456786, 51.013330398420315, 13.740553673309094, 53.241218309707286, 18.383896667167022, 0.0, 0.0, 0.0, 0.0, 0.0, 0.0, 0.0, 0.0, 0.0, 0.0, 0.0, 0.0, 0.0, 0.0, 0.0], [0.0, 0.0, 0.0, 0.0, 0.0, 0.0, 0.0, 0.0, 0.0, 0.0, 0.0, 0.0, 0.0, 0.0, 0.0, 27.2537888339285, 44.020729469789266, 8.540588681334938, 19.710964969364852, 16.20404122772045, 6.086566952456786, 51.013330398420315, 13.740553673309094, 53.241218309707286, 18.383896667167022, 0.0, 0.0, 0.0, 0.0, 0.0, 0.0, 0.0, 0.0, 0.0, 0.0, 0.0, 0.0, 0.0, 0.0, 0.0], [0.0, 0.0, 0.0, 0.0, 0.0, 0.0, 0.0, 0.0, 0.0, 0.0, 0.0, 0.0, 0.0, 0.0, 0.0, 27.2537888339285, 44.020729469789266, 8.540588681334938, 19.710964969364852, 16.20404122772045, 6.086566952456786, 51.013330398420315, 13.740553673309094, 53.241218309707286, 18.383896667167022, 0.0, 0.0, 0.0, 0.0, 0.0, 0.0, 0.0, 0.0, 0.0, 0.0, 0.0, 0.0, 0.0, 0.0, 0.0], [0.0, 0.0, 0.0, 0.0, 0.0, 0.0, 0.0, 0.0, 0.0, 0.0, 0.0, 0.0, 0.0, 0.0, 0.0, 27.2537888339285, 44.020729469789266, 8.540588681334938, 19.710964969364852, 16.20404122772045, 6.086566952456786, 51.013330398420315, 13.740553673309094, 53.241218309707286, 18.383896667167022, 0.0, 0.0, 0.0, 0.0, 0.0, 0.0, 0.0, 0.0, 0.0, 0.0, 0.0, 0.0, 0.0, 0.0, 0.0], [27.2537888339285, 27.2537888339285, 27.2537888339285, 27.2537888339285, 27.2537888339285, 27.2537888339285, 27.2537888339285, 27.2537888339285, 27.2537888339285, 27.2537888339285, 27.2537888339285, 27.2537888339285, 27.2537888339285, 27.2537888339285, 27.2537888339285, 0.0, 46.69496843802037, 18.74360477638442, 26.33801416710154, 41.70570162601124, 21.99098624842833, 33.40413453656439, 14.674048650133486, 60.0, 22.866562782150798, 27.2537888339285, 27.2537888339285, 27.2537888339285, 27.2537888339285, 27.2537888339285, 27.2537888339285, 27.2537888339285, 27.2537888339285, 27.2537888339285, 27.2537888339285, 27.2537888339285, 27.2537888339285, 27.2537888339285, 27.2537888339285, 27.2537888339285], [44.020729469789266, 44.020729469789266, 44.020729469789266, 44.020729469789266, 44.020729469789266, 44.020729469789266, 44.020729469789266, 44.020729469789266, 44.020729469789266, 44.020729469789266, 44.020729469789266, 44.020729469789266, 44.020729469789266, 44.020729469789266, 44.020729469789266, 46.69496843802037, 0.0, 42.46174666092809, 25.078066158175293, 40.88395429586912, 40.48575470189608, 34.119821413984916, 47.23731580225089, 13.990641153007113, 27.802214475764522, 