{"num_workers": 15, "num_roles": 3, "num_nodes": 40, "w": [[0, 0], [0, 0], [0, 0], [0, 0], [0, 0], [0, 0], [0, 0], [0, 0], [0, 0], [0, 0], [0, 0], [0, 0], [0, 0], [0, 0], [0, 0], [60, 420], [270, 330], [270, 450], [210, 450], [60, 420], [60, 120], [90, 330], [270, 450], [90, 330], [60, 420], [480, 480], [480, 480], [480, 480], [480, 480], [480, 480], [480, 480], [480, 480], [480, 480], [480, 480], [480, 480], [480, 480], [480, 480], [480, 480], [480, 480], [480, 480]], "p": [0, 0, 0, 0, 0, 0, 0, 0, 0, 0, 0, 0, 0, 0, 0, 72.65334186438807, 20.991544211929572, 46.70377996699605, 52.18556484310922, 71.82427756677899, 45.79309878372982, 72.33446139247584, 23.351889983498026, 36.16723069623792, 35.912138783389494, 0, 0, 0, 0, 0, 0, 0, 0, 0, 0, 0, 0, 0, 0, 0], "e": [[1, 1, 0], [0, 1, 1], [1, 1, 0], [1, 1, 0], [0, 1, 0], [1, 1, 0], [0, 1, 1], [1, 1, 0], [0, 1, 0], [1, 1, 0], [0, 1, 1], [0, 0, 1], [0, 0, 1], [0, 1, 0], [0, 0, 1]], "d": [[0, 0, 0, 0, 0, 0, 0, 0, 0, 0], [2, 2, 0, 0, 2, 1, 1, 0, 2, 4], [1, 1, 1, 1, 1, 1, 1, 2, 2, 2]], "r": [2258, 657, 4340, 908, 1471, 4755, 555, 4340, 555, 1471], "g": [[0, 0, 0, 0, 0, 0, 0, 0, 0, 0], [0, 0, 0, 0, 0, 0, 0, 0, 0, 0], [0, 0, 0, 0, 0, 0, 0, 1, 0, 0], [0, 0, 0, 0, 0, 0, 0, 0, 0, 0], [0, 0, 0, 0, 0, 0, 0, 0, 0, 1], [0, 0, 0, 0, 0, 0, 0, 0, 0, 0], [0, 0, 0, 0, 0, 0, 0, 0, 1, 0], [0, 0, 1, 0, 0, 0, 0, 0, 0, 0], [0, 0, 0, 0, 0, 0, 1, 0, 0, 0], [0, 0, 0, 0, 1, 0, 0, 0, 0, 0]], "t": [[0.0, 0.0, 0.0, 0.0, 0.0, 0.0, 0.0, 0.0, 0.0, 0.0, 0.0, 0.0, 0.0, 0.0, 0.0, 14.939171168876694, 12.924534129342597, 21.551712458349698, 17.795657302930376, 30.0, 16.9127184865954, 23.557320860211476, 21.551712458349698, 23.557320860211476, 30.0, 0.0, 0.0, 0.0, 0.0, 0.0, 0.0, 0.0, 0.0, 0.0, 0.0, 0.0, 0.0, 0.0, 0.0, 0.0], [0.0, 0.0, 0.0, 0.0, 0.0, 0.0, 0.0, 0.0, 0.0, 0.0, 0.0, 0.0, 0.0, 0.0, 0.0, 14.939171168876694, 12.924534129342597, 21.551712458349698, 17.795657302930376, 30.0, 16.9127184865954, 23.557320860211476, 21.551712458349698, 23.557320860211476, 30.0, 0.0, 0.0, 0.0, 0.0, 0.0, 0.0, 0.0, 0.0, 0.0, 0.0, 0.0, 0.0, 0.0, 0.0, 0.0], [0.0, 0.0, 0.0, 0.0, 0.0, 0.0, 0.0, 0.0, 0.0, 0.0, 0.0, 0.0, 0.0, 0.0, 0.0, 14.939171168876694, 12.924534129342597, 21.551712458349698, 17.795657302930376, 30.0, 16.9127184865954, 23.557320860211476, 21.551712458349698, 23.557320860211476, 30.0, 0.0, 0.0, 0.0, 0.0, 0.0, 0.0, 0.0, 0.0, 0.0, 0.0, 0.0, 0.0, 0.0, 0.0, 0.0], [0.0, 0.0, 0.0, 0.0, 0.0, 0.0, 0.0, 0.0, 0.0, 0.0, 0.0, 0.0, 0.0, 0.0, 0.0, 14.939171168876694, 12.924534129342597, 21.551712458349698, 17.795657302930376, 30.0, 16.9127184865954, 23.557320860211476, 21.551712458349698, 23.557320860211476, 30.0, 0.0, 0.0, 0.0, 0.0, 0.0, 0.0, 0.0, 0.0, 0.0, 0.0, 0.0, 0.0, 0.0, 0.0, 0.0], [0.0, 0.0, 0.0, 0.0, 0.0, 0.0, 0.0, 0.0, 0.0, 0.0, 0.0, 0.0, 0.0, 0.0, 0.0, 14.939171168876694, 12.924534129342597, 21.551712458349698, 17.795657302930376, 30.0, 16.9127184865954, 23.557320860211476, 21.551712458349698, 23.557320860211476, 30.0, 0.0, 0.0, 0.0, 0.0, 0.0, 0.0, 0.0, 0.0, 0.0, 0.0, 0.0, 0.0, 0.0, 0.0, 0.0], [0.0, 0.0, 0.0, 0.0, 0.0, 0.0, 0.0, 0.0, 0.0, 0.0, 0.0, 0.0, 0.0, 0.0, 0.0, 14.939171168876694, 12.924534129342597, 21.551712458349698, 17.795657302930376, 30.0, 16.9127184865954, 23.557320860211476, 21.551712458349698, 23.557320860211476, 30.0, 0.0, 0.0, 0.0, 0.0, 0.0, 0.0, 0.0, 0.0, 0.0, 0.0, 0.0, 0.0, 0.0, 0.0, 0.0], [0.0, 0.0, 0.0, 0.0, 0.0, 0.0, 0.0, 0.0, 0.0, 0.0, 0.0, 0.0, 0.0, 0.0, 0.0, 14.939171168876694, 12.924534129342597, 21.551712458349698, 17.795657302930376, 30.0, 16.9127184865954, 23.557320860211476, 21.551712458349698, 23.557320860211476, 30.0, 0.0, 0.0, 0.0, 0.0, 0.0, 0.0, 0.0, 0.0, 0.0, 0.0, 0.0, 0.0, 0.0, 0.0, 0.0], [0.0, 0.0, 0.0, 0.0, 0.0, 0.0, 0.0, 0.0, 0.0, 0.0, 0.0, 0.0, 0.0, 0.0, 0.0, 14.939171168876694, 12.924534129342597, 21.551712458349698, 17.795657302930376, 30.0, 16.9127184865954, 23.557320860211476, 21.551712458349698, 23.557320860211476, 30.0, 0.0, 0.0, 0.0, 0.0, 0.0, 0.0, 0.0, 0.0, 0.0, 0.0, 0.0, 0.0, 0.0, 0.0, 0.0], [0.0, 0.0, 0.0, 0.0, 0.0, 0.0, 0.0, 0.0, 0.0, 0.0, 0.0, 0.0, 0.0, 0.0, 0.0, 14.939171168876694, 12.924534129342597, 21.551712458349698, 17.795657302930376, 30.0, 16.9127184865954, 23.557320860211476, 21.551712458349698, 23.557320860211476, 30.0, 0.0, 0.0, 0.0, 0.0, 0.0, 0.0, 0.0, 0.0, 0.0, 0.0, 0.0, 0.0, 0.0, 0.0, 0.0], [0.0, 0.0, 0.0, 0.0, 0.0, 0.0, 0.0, 0.0, 0.0, 0.0, 0.0, 0.0, 0.0, 0.0, 0.0, 14.939171168876694, 12.924534129342597, 21.551712458349698, 17.795657302930376, 30.0, 16.9127184865954, 23.557320860211476, 21.551712458349698, 23.557320860211476, 30.0, 0.0, 0.0, 0.0, 0.0, 0.0, 0.0, 0.0, 0.0, 0.0, 0.0, 0.0, 0.0, 0.0, 0.0, 0.0], [0.0, 0.0, 0.0, 0.0, 0.0, 0.0, 0.0, 0.0, 0.0, 0.0, 0.0, 0.0, 0.0, 0.0, 0.0, 14.939171168876694, 12.924534129342597, 21.551712458349698, 17.795657302930376, 30.0, 16.9127184865954, 23.557320860211476, 21.551712458349698, 23.557320860211476, 30.0, 0.0, 0.0, 0.0, 0.0, 0.0, 0.0, 0.0, 0.0, 0.0, 0.0, 0.0, 0.0, 0.0, 0.0, 0.0], [0.0, 0.0, 0.0, 0.0, 0.0, 0.0, 0.0, 0.0, 0.0, 0.0, 0.0, 0.0, 0.0, 0.0, 0.0, 14.939171168876694, 12.924534129342597, 21.551712458349698, 17.795657302930376, 30.0, 16.9127184865954, 23.557320860211476, 21.551712458349698, 23.557320860211476, 30.0, 0.0, 0.0, 0.0, 0.0, 0.0, 0.0, 0.0, 0.0, 0.0, 0.0, 0.0, 0.0, 0.0, 0.0, 0.0], [0.0, 0.0, 0.0, 0.0, 0.0, 0.0, 0.0, 0.0, 0.0, 0.0, 0.0, 0.0, 0.0, 0.0, 0.0, 14.939171168876694, 12.924534129342597, 21.551712458349698, 17.795657302930376, 30.0, 16.9127184865954, 23.557320860211476, 21.551712458349698, 23.557320860211476, 30.0, 0.0, 0.0, 0.0, 0.0, 0.0, 0.0, 0.0, 0.0, 0.0, 0.0, 0.0, 0.0, 0.0, 0.0, 0.0], [0.0, 0.0, 0.0, 0.0, 0.0, 0.0, 0.0, 0.0, 0.0, 0.0, 0.0, 0.0, 0.0, 0.0, 0.0, 14.939171168876694, 12.924534129342597, 21.551712458349698, 17.795657302930376, 30.0, 16.9127184865954, 23.557320860211476, 21.551712458349698, 23.557320860211476, 30.0, 0.0, 0.0, 0.0, 0.0, 0.0, 0.0, 0.0, 0.0, 0.0, 0.0, 0.0, 0.0, 0.0, 0.0, 0.0], [0.0, 0.0, 0.0, 0.0, 0.0, 0.0, 0.0, 0.0, 0.0, 0.0, 0.0, 0.0, 0.0, 0.0, 0.0, 14.939171168876694, 12.924534129342597, 21.551712458349698, 17.795657302930376, 30.0, 16.9127184865954, 23.557320860211476, 21.551712458349698, 23.557320860211476, 30.0, 0.0, 0.0, 0.0, 0.0, 0.0, 0.0, 0.0, 0.0, 0.0, 0.0, 0.0, 0.0, 0.0, 0.0, 0.0], [14.939171168876694, 14.939171168876694, 14.939171168876694, 14.939171168876694, 14.939171168876694, 14.939171168876694, 14.939171168876694, 14.939171168876694, 14.939171168876694, 14.939171168876694, 14.939171168876694, 14.939171168876694, 14.939171168876694, 14.939171168876694, 14.939171168876694, 0.0, 3.586068957078648, 22.642330671838558, 5.506059336010047, 19.789013761438518, 18.727166427139682, 21.634110552689727, 22.642330671838558, 21.634110552689727, 19.789013761438518, 14.939171168876694, 14.939171168876694, 14.939171168876694, 14.939171168876694, 14.939171168876694, 14.939171168876694, 14.939171168876694, 14.939171168876694, 14.939171168876694, 14.939171168876694, 14.939171168876694, 14.939171168876694, 14.939171168876694, 14.939171168876694, 14.939171168876694], [12.924534129342597, 12.924534129342597, 12.924534129342597, 12.924534129342597, 12.924534129342597, 12.924534129342597, 12.924534129342597, 12.924534129342597, 12.924534129342597, 12.924534129342597, 12.924534129342597, 12.924534129342597, 12.924534129342597, 12.924534129342597, 12.924534129342597, 3.586068957078648, 0.0, 19.22960055177733, 8.99108009929057, 18.799835803442456, 15.197140969930594, 18.541508547549796, 19.22960055177733, 18.541508547549796, 18.799835803442456, 12.924534129342597, 12.924534129342597, 12.924534129342597, 12.924534129342597, 12.924534129342597, 12.924534129342597, 12.924534129342597, 12.924534129342597, 12.924534129342597, 12.924534129342597, 12.924534129342597, 12.924534129342597, 12.924534129342597, 12.924534129342597, 12.924534129342597], [21.551712458349698, 21.551712458349698, 21.551712458349698, 21.551712458349698, 21.551712458349698, 21.551712458349698, 21.551712458349698, 21.551712458349698, 