{"num_workers": 15, "num_roles": 5, "num_nodes": 40, "w": [[0, 0], [0, 0], [0, 0], [0, 0], [0, 0], [0, 0], [0, 0], [0, 0], [0, 0], [0, 0], [0, 0], [0, 0], [0, 0], [0, 0], [0, 0], [90, 330], [180, 360], [30, 210], [90, 360], [60, 420], [210, 300], [30, 180], [60, 390], [300, 450], [60, 270], [480, 480], [480, 480], [480, 480], [480, 480], [480, 480], [480, 480], [480, 480], [480, 480], [480, 480], [480, 480], [480, 480], [480, 480], [480, 480], [480, 480], [480, 480]], "p": [0, 0, 0, 0, 0, 0, 0, 0, 0, 0, 0, 0, 0, 0, 0, 62.40039814814971, 57.652644778368796, 43.11628762887922, 62.97808093332102, 41.87525658476028, 40.9739727579044, 59.401429055250674, 72.84277559092081, 58.689345639853876, 57.32542243755661, 0, 0, 0, 0, 0, 0, 0, 0, 0, 0, 0, 0, 0, 0, 0], "e": [[0, 0, 1, 0, 1], [0, 0, 1, 0, 1], [0, 1, 0, 0, 0], [0, 1, 0, 0, 0], [1, 0, 0, 0, 0], [0, 0, 1, 0, 0], [1, 0, 0, 0, 0], [1, 0, 0, 0, 0], [0, 0, 0, 1, 0], [0, 0, 0, 1, 0], [0, 1, 0, 0, 0], [0, 0, 0, 1, 0], [0, 0, 0, 0, 1], [1, 0, 0, 0, 0], [0, 1, 0, 0, 0]], "d": [[0, 2, 2, 0, 0, 1, 0, 0, 1, 2], [1, 0, 0, 0, 1, 1, 1, 0, 1, 0], [1, 1, 1, 1, 1, 0, 1, 1, 0, 1], [1, 0, 0, 2, 1, 0, 1, 2, 0, 0], [2, 0, 0, 1, 2, 2, 1, 1, 2, 0]], "r": [971, 1465, 1960, 1623, 823, 4658, 1301, 986, 3040, 203], "g": [[0, 0, 0, 0, 0, 0, 0, 0, 0, 0], [0, 0, 0, 0, 0, 0, 0, 0, 0, 0], [0, 0, 0, 0, 0, 0, 0, 0, 0, 0], [0, 0, 0, 0, 0, 0, 0, 0, 0, 0], [0, 0, 0, 0, 0, 0, 0, 0, 0, 0], [0, 0, 0, 0, 0, 0, 0, 0, 0, 0], [0, 0, 0, 0, 0, 0, 0, 0, 0, 0], [0, 0, 0, 0, 0, 0, 0, 0, 0, 0], [0, 0, 0, 0, 0, 0, 0, 0, 0, 0], [0, 0, 0, 0, 0, 0, 0, 0, 0, 0]], "t": [[0.0, 0.0, 0.0, 0.0, 0.0, 0.0, 0.0, 0.0, 0.0, 0.0, 0.0, 0.0, 0.0, 0.0, 0.0, 33.753261874701174, 24.384046148583522, 22.939176481804274, 20.698380118274137, 28.01355798394251, 17.33467006114276, 26.743481662868096, 40.4862473532418, 32.98414457286635, 40.93453610532823, 0.0, 0.0, 0.0, 0.0, 0.0, 0.0, 0.0, 0.0, 0.0, 0.0, 0.0, 0.0, 0.0, 0.0, 0.0], [0.0, 0.0, 0.0, 0.0, 0.0, 0.0, 0.0, 0.0, 0.0, 0.0, 0.0, 0.0, 0.0, 0.0, 0.0, 33.753261874701174, 24.384046148583522, 22.939176481804274, 20.698380118274137, 28.01355798394251, 17.33467006114276, 26.743481662868096, 40.4862473532418, 32.98414457286635, 40.93453610532823, 0.0, 0.0, 0.0, 0.0, 0.0, 0.0, 0.0, 0.0, 0.0, 0.0, 0.0, 0.0, 0.0, 0.0, 0.0], [0.0, 0.0, 0.0, 0.0, 0.0, 0.0, 0.0, 0.0, 0.0, 0.0, 0.0, 0.0, 0.0, 0.0, 0.0, 33.753261874701174, 24.384046148583522, 22.939176481804274, 20.698380118274137, 28.01355798394251, 17.33467006114276, 26.743481662868096, 40.4862473532418, 32.98414457286635, 40.93453610532823, 0.0, 0.0, 0.0, 0.0, 0.0, 0.0, 0.0, 0.0, 0.0, 0.0, 0.0, 0.0, 0.0, 0.0, 0.0], [0.0, 0.0, 0.0, 0.0, 0.0, 0.0, 0.0, 0.0, 0.0, 0.0, 0.0, 0.0, 0.0, 0.0, 0.0, 33.753261874701174, 24.384046148583522, 22.939176481804274, 20.698380118274137, 28.01355798394251, 17.33467006114276, 26.743481662868096, 40.4862473532418, 32.98414457286635, 40.93453610532823, 0.0, 0.0, 0.0, 0.0, 0.0, 0.0, 0.0, 0.0, 0.0, 0.0, 0.0, 0.0, 0.0, 0.0, 0.0], [0.0, 0.0, 0.0, 0.0, 0.0, 0.0, 0.0, 0.0, 0.0, 0.0, 0.0, 0.0, 0.0, 0.0, 0.0, 33.753261874701174, 24.384046148583522, 22.939176481804274, 20.698380118274137, 28.01355798394251, 17.33467006114276, 26.743481662868096, 40.4862473532418, 32.98414457286635, 40.93453610532823, 0.0, 0.0, 0.0, 0.0, 0.0, 0.0, 0.0, 0.0, 0.0, 0.0, 0.0, 0.0, 0.0, 0.0, 0.0], [0.0, 0.0, 0.0, 0.0, 0.0, 0.0, 0.0, 0.0, 0.0, 0.0, 0.0, 0.0, 0.0, 0.0, 0.0, 33.753261874701174, 24.384046148583522, 22.939176481804274, 20.698380118274137, 28.01355798394251, 17.33467006114276, 26.743481662868096, 40.4862473532418, 32.98414457286635, 40.93453610532823, 0.0, 0.0, 0.0, 0.0, 0.0, 0.0, 0.0, 0.0, 0.0, 0.0, 0.0, 0.0, 0.0, 0.0, 0.0], [0.0, 0.0, 0.0, 0.0, 0.0, 0.0, 0.0, 0.0, 0.0, 0.0, 0.0, 0.0, 0.0, 0.0, 0.0, 33.753261874701174, 24.384046148583522, 22.939176481804274, 20.698380118274137, 28.01355798394251, 17.33467006114276, 26.743481662868096, 40.4862473532418, 32.98414457286635, 40.93453610532823, 0.0, 0.0, 0.0, 0.0, 0.0, 0.0, 0.0, 0.0, 0.0, 0.0, 0.0, 0.0, 0.0, 0.0, 0.0], [0.0, 0.0, 0.0, 0.0, 0.0, 0.0, 0.0, 0.0, 0.0, 0.0, 0.0, 0.0, 0.0, 0.0, 0.0, 33.753261874701174, 24.384046148583522, 22.939176481804274, 20.698380118274137, 28.01355798394251, 17.33467006114276, 26.743481662868096, 40.4862473532418, 32.98414457286635, 40.93453610532823, 0.0, 0.0, 0.0, 0.0, 0.0, 0.0, 0.0, 0.0, 0.0, 0.0, 0.0, 0.0, 0.0, 0.0, 0.0], [0.0, 0.0, 0.0, 0.0, 0.0, 0.0, 0.0, 0.0, 0.0, 0.0, 0.0, 0.0, 0.0, 0.0, 0.0, 33.753261874701174, 24.384046148583522, 22.939176481804274, 20.698380118274137, 28.01355798394251, 17.33467006114276, 26.743481662868096, 40.4862473532418, 32.98414457286635, 40.93453610532823, 0.0, 0.0, 0.0, 0.0, 0.0, 0.0, 0.0, 0.0, 0.0, 0.0, 0.0, 0.0, 0.0, 0.0, 0.0], [0.0, 0.0, 0.0, 0.0, 0.0, 0.0, 0.0, 0.0, 0.0, 0.0, 0.0, 0.0, 0.0, 0.0, 0.0, 33.753261874701174, 24.384046148583522, 22.939176481804274, 20.698380118274137, 28.01355798394251, 17.33467006114276, 26.743481662868096, 40.4862473532418, 32.98414457286635, 40.93453610532823, 0.0, 0.0, 0.0, 0.0, 0.0, 0.0, 0.0, 0.0, 0.0, 0.0, 0.0, 0.0, 0.0, 0.0, 0.0], [0.0, 0.0, 0.0, 0.0, 0.0, 0.0, 0.0, 0.0, 0.0, 0.0, 0.0, 0.0, 0.0, 0.0, 0.0, 33.753261874701174, 24.384046148583522, 22.939176481804274, 20.698380118274137, 28.01355798394251, 17.33467006114276, 26.743481662868096, 40.4862473532418, 32.98414457286635, 40.93453610532823, 0.0, 0.0, 0.0, 0.0, 0.0, 0.0, 0.0, 0.0, 0.0, 0.0, 0.0, 0.0, 0.0, 0.0, 0.0], [0.0, 0.0, 0.0, 0.0, 0.0, 0.0, 0.0, 0.0, 0.0, 0.0, 0.0, 0.0, 0.0, 0.0, 0.0, 33.753261874701174, 24.384046148583522, 22.939176481804274, 20.698380118274137, 28.01355798394251, 17.33467006114276, 26.743481662868096, 40.4862473532418, 32.98414457286635, 40.93453610532823, 0.0, 0.0, 0.0, 0.0, 0.0, 0.0, 0.0, 0.0, 0.0, 0.0, 0.0, 0.0, 0.0, 0.0, 0.0], [0.0, 0.0, 0.0, 0.0, 0.0, 0.0, 0.0, 0.0, 0.0, 0.0, 0.0, 0.0, 0.0, 0.0, 0.0, 33.753261874701174, 24.384046148583522, 22.939176481804274, 20.698380118274137, 28.01355798394251, 17.33467006114276, 26.743481662868096, 40.4862473532418, 32.98414457286635, 40.93453610532823, 0.0, 0.0, 0.0, 0.0, 0.0, 0.0, 0.0, 0.0, 0.0, 0.0, 0.0, 0.0, 0.0, 0.0, 0.0], [0.0, 0.0, 0.0, 0.0, 0.0, 0.0, 0.0, 0.0, 0.0, 0.0, 0.0, 0.0, 0.0, 0.0, 0.0, 33.753261874701174, 24.384046148583522, 22.939176481804274, 20.698380118274137, 28.01355798394251, 17.33467006114276, 26.743481662868096, 40.4862473532418, 32.98414457286635, 40.93453610532823, 0.0, 0.0, 0.0, 0.0, 0.0, 0.0, 0.0, 0.0, 0.0, 0.0, 0.0, 0.0, 0.0, 0.0, 0.0], [0.0, 0.0, 0.0, 0.0, 0.0, 0.0, 0.0, 0.0, 0.0, 0.0, 0.0, 0.0, 0.0, 0.0, 0.0, 33.753261874701174, 24.384046148583522, 22.939176481804274, 20.698380118274137, 28.01355798394251, 17.33467006114276, 26.743481662868096, 40.4862473532418, 32.98414457286635, 40.93453610532823, 0.0, 0.0, 0.0, 0.0, 0.0, 0.0, 0.0, 0.0, 0.0, 0.0, 0.0, 0.0, 0.0, 0.0, 0.0], [33.753261874701174, 33.753261874701174, 33.753261874701174, 33.753261874701174, 33.753261874701174, 33.753261874701174, 33.753261874701174, 33.753261874701174, 33.753261874701174, 33.753261874701174, 33.753261874701174, 33.753261874701174, 33.753261874701174, 33.753261874701174, 33.753261874701174, 0.0, 27.239206018031126, 53.76936931817836, 50.48821831422235, 18.684769080102818, 39.18367277903704, 33.68636723678883, 13.158763486946238, 5.789272556120886, 7.682834520458909, 33.753261874701174, 33.753261874701174, 33.753261874701174, 33.753261874701174, 33.753261874701174, 33.753261874701174, 33.753261874701174, 33.753261874701174, 33.753261874701174, 33.753261874701174, 33.753261874701174, 33.753261874701174, 33.753261874701174, 33.753261874701174, 33.753261874701174], [24.384046148583522, 24.384046148583522, 24.384046148583522, 24.384046148583522, 24.384046148583522, 24.384046148583522, 24.384046148583522, 24.384046148583522, 24.384046148583522, 24.384046148583522, 24.384046148583522, 24.384046148583522, 24.384046148583522, 24.384046148583522, 24.384046148583522, 27.239206018031126, 0.0, 46.90405769677669, 44.98500883162134, 9.498214524419897, 40.1134921381608, 44.17075570683386, 39.6970332554387, 