{"num_workers": 15, "num_roles": 5, "num_nodes": 40, "w": [[0, 0], [0, 0], [0, 0], [0, 0], [0, 0], [0, 0], [0, 0], [0, 0], [0, 0], [0, 0], [0, 0], [0, 0], [0, 0], [0, 0], [0, 0], [30, 390], [90, 450], [120, 420], [30, 420], [60, 420], [90, 390], [30, 300], [150, 360], [180, 210], [210, 300], [480, 480], [480, 480], [480, 480], [480, 480], [480, 480], [480, 480], [480, 480], [480, 480], [480, 480], [480, 480], [480, 480], [480, 480], [480, 480], [480, 480], [480, 480]], "p": [0, 0, 0, 0, 0, 0, 0, 0, 0, 0, 0, 0, 0, 0, 0, 46.24412402335956, 50.5350080858681, 56.67642452159037, 21.401482912439537, 30.339406847142453, 72.42045761032037, 55.85997884421496, 35.00548797387529, 38.22974812119763, 19.298722428010667, 0, 0, 0, 0, 0, 0, 0, 0, 0, 0, 0, 0, 0, 0, 0], "e": [[1, 1, 0, 0, 0], [1, 1, 0, 0, 0], [0, 0, 0, 1, 0], [0, 0, 0, 1, 0], [0, 1, 0, 0, 0], [0, 0, 1, 0, 0], [0, 0, 0, 1, 0], [0, 0, 0, 0, 1], [0, 0, 0, 0, 1], [1, 0, 0, 0, 0], [0, 1, 0, 0, 0], [0, 0, 1, 0, 0], [1, 0, 0, 0, 0], [0, 0, 1, 0, 0], [0, 0, 0, 0, 1]], "d": [[0, 2, 2, 0, 0, 0, 1, 2, 2, 0], [0, 1, 1, 0, 0, 0, 2, 1, 1, 0], [2, 0, 0, 2, 2, 2, 0, 0, 0, 0], [2, 1, 1, 2, 2, 2, 0, 1, 1, 1], [1, 1, 1, 1, 1, 1, 1, 1, 1, 3]], "r": [325, 4801, 1251, 467, 2010, 1866, 1953, 4536, 2236, 4828], "g": [[0, 0, 0, 0, 0, 0, 0, 0, 0, 0], [0, 0, 0, 0, 0, 0, 0, 0, 0, 0], [0, 0, 0, 0, 0, 0, 0, 0, 0, 0], [0, 0, 0, 0, 0, 0, 0, 0, 0, 0], [0, 0, 0, 0, 0, 0, 0, 0, 0, 0], [0, 0, 0, 0, 0, 0, 0, 0, 0, 0], [0, 0, 0, 0, 0, 0, 0, 0, 0, 0], [0, 0, 0, 0, 0, 0, 0, 0, 0, 0], [0, 0, 0, 0, 0, 0, 0, 0, 0, 0], [0, 0, 0, 0, 0, 0, 0, 0, 0, 0]], "t": [[0.0, 0.0, 0.0, 0.0, 0.0, 0.0, 0.0, 0.0, 0.0, 0.0, 0.0, 0.0, 0.0, 0.0, 0.0, 28.352615050207078, 25.14069396919447, 17.831684751976795, 50.198907672330726, 9.861900832752136, 25.30264569036977, 24.667543357013557, 4.434676941032421, 7.643775332563561, 36.25290876375956, 0.0, 0.0, 0.0, 0.0, 0.0, 0.0, 0.0, 0.0, 0.0, 0.0, 0.0, 0.0, 0.0, 0.0, 0.0], [0.0, 0.0, 0.0, 0.0, 0.0, 0.0, 0.0, 0.0, 0.0, 0.0, 0.0, 0.0, 0.0, 0.0, 0.0, 28.352615050207078, 25.14069396919447, 17.831684751976795, 50.198907672330726, 9.861900832752136, 25.30264569036977, 24.667543357013557, 4.434676941032421, 7.643775332563561, 36.25290876375956, 0.0, 0.0, 0.0, 0.0, 0.0, 0.0, 0.0, 0.0, 0.0, 0.0, 0.0, 0.0, 0.0, 0.0, 0.0], [0.0, 0.0, 0.0, 0.0, 0.0, 0.0, 0.0, 0.0, 0.0, 0.0, 0.0, 0.0, 0.0, 0.0, 0.0, 28.352615050207078, 25.14069396919447, 17.831684751976795, 50.198907672330726, 9.861900832752136, 25.30264569036977, 24.667543357013557, 4.434676941032421, 7.643775332563561, 36.25290876375956, 0.0, 0.0, 0.0, 0.0, 0.0, 0.0, 0.0, 0.0, 0.0, 0.0, 0.0, 0.0, 0.0, 0.0, 0.0], [0.0, 0.0, 0.0, 0.0, 0.0, 0.0, 0.0, 0.0, 0.0, 0.0, 0.0, 0.0, 0.0, 0.0, 0.0, 28.352615050207078, 25.14069396919447, 17.831684751976795, 50.198907672330726, 9.861900832752136, 25.30264569036977, 24.667543357013557, 4.434676941032421, 7.643775332563561, 36.25290876375956, 0.0, 0.0, 0.0, 0.0, 0.0, 0.0, 0.0, 0.0, 0.0, 0.0, 0.0, 0.0, 0.0, 0.0, 0.0], [0.0, 0.0, 0.0, 0.0, 0.0, 0.0, 0.0, 0.0, 0.0, 0.0, 0.0, 0.0, 0.0, 0.0, 0.0, 28.352615050207078, 25.14069396919447, 17.831684751976795, 50.198907672330726, 9.861900832752136, 25.30264569036977, 24.667543357013557, 4.434676941032421, 7.643775332563561, 36.25290876375956, 0.0, 0.0, 0.0, 0.0, 0.0, 0.0, 0.0, 0.0, 0.0, 0.0, 0.0, 0.0, 0.0, 0.0, 0.0], [0.0, 0.0, 0.0, 0.0, 0.0, 0.0, 0.0, 0.0, 0.0, 0.0, 0.0, 0.0, 0.0, 0.0, 0.0, 28.352615050207078, 25.14069396919447, 17.831684751976795, 50.198907672330726, 9.861900832752136, 25.30264569036977, 24.667543357013557, 4.434676941032421, 7.643775332563561, 36.25290876375956, 0.0, 0.0, 0.0, 0.0, 0.0, 0.0, 0.0, 0.0, 0.0, 0.0, 0.0, 0.0, 0.0, 0.0, 0.0], [0.0, 0.0, 0.0, 0.0, 0.0, 0.0, 0.0, 0.0, 0.0, 0.0, 0.0, 0.0, 0.0, 0.0, 0.0, 28.352615050207078, 25.14069396919447, 17.831684751976795, 50.198907672330726, 9.861900832752136, 25.30264569036977, 24.667543357013557, 4.434676941032421, 7.643775332563561, 36.25290876375956, 0.0, 0.0, 0.0, 0.0, 0.0, 0.0, 0.0, 0.0, 0.0, 0.0, 0.0, 0.0, 0.0, 0.0, 0.0], [0.0, 0.0, 0.0, 0.0, 0.0, 0.0, 0.0, 0.0, 0.0, 0.0, 0.0, 0.0, 0.0, 0.0, 0.0, 28.352615050207078, 25.14069396919447, 17.831684751976795, 50.198907672330726, 9.861900832752136, 25.30264569036977, 24.667543357013557, 4.434676941032421, 7.643775332563561, 36.25290876375956, 0.0, 0.0, 0.0, 0.0, 0.0, 0.0, 0.0, 0.0, 0.0, 0.0, 0.0, 0.0, 0.0, 0.0, 0.0], [0.0, 0.0, 0.0, 0.0, 0.0, 0.0, 0.0, 0.0, 0.0, 0.0, 0.0, 0.0, 0.0, 0.0, 0.0, 28.352615050207078, 25.14069396919447, 17.831684751976795, 50.198907672330726, 9.861900832752136, 25.30264569036977, 24.667543357013557, 4.434676941032421, 7.643775332563561, 36.25290876375956, 0.0, 0.0, 0.0, 0.0, 0.0, 0.0, 0.0, 0.0, 0.0, 0.0, 0.0, 0.0, 0.0, 0.0, 0.0], [0.0, 0.0, 0.0, 0.0, 0.0, 0.0, 0.0, 0.0, 0.0, 0.0, 0.0, 0.0, 0.0, 0.0, 0.0, 28.352615050207078, 25.14069396919447, 17.831684751976795, 50.198907672330726, 9.861900832752136, 25.30264569036977, 24.667543357013557, 4.434676941032421, 7.643775332563561, 36.25290876375956, 0.0, 0.0, 0.0, 0.0, 0.0, 0.0, 0.0, 0.0, 0.0, 0.0, 0.0, 0.0, 0.0, 0.0, 0.0], [0.0, 0.0, 0.0, 0.0, 0.0, 0.0, 0.0, 0.0, 0.0, 0.0, 0.0, 0.0, 0.0, 0.0, 0.0, 28.352615050207078, 25.14069396919447, 17.831684751976795, 50.198907672330726, 9.861900832752136, 25.30264569036977, 24.667543357013557, 4.434676941032421, 7.643775332563561, 36.25290876375956, 0.0, 0.0, 0.0, 0.0, 0.0, 0.0, 0.0, 0.0, 0.0, 0.0, 0.0, 0.0, 0.0, 0.0, 0.0], [0.0, 0.0, 0.0, 0.0, 0.0, 0.0, 0.0, 0.0, 0.0, 0.0, 0.0, 0.0, 0.0, 0.0, 0.0, 28.352615050207078, 25.14069396919447, 17.831684751976795, 50.198907672330726, 9.861900832752136, 25.30264569036977, 24.667543357013557, 4.434676941032421, 7.643775332563561, 36.25290876375956, 0.0, 0.0, 0.0, 0.0, 0.0, 0.0, 0.0, 0.0, 0.0, 0.0, 0.0, 0.0, 0.0, 0.0, 0.0], [0.0, 0.0, 0.0, 0.0, 0.0, 0.0, 0.0, 0.0, 0.0, 0.0, 0.0, 0.0, 0.0, 0.0, 0.0, 28.352615050207078, 25.14069396919447, 17.831684751976795, 50.198907672330726, 9.861900832752136, 25.30264569036977, 24.667543357013557, 4.434676941032421, 7.643775332563561, 36.25290876375956, 0.0, 0.0, 0.0, 0.0, 0.0, 0.0, 0.0, 0.0, 0.0, 0.0, 0.0, 0.0, 0.0, 0.0, 0.0], [0.0, 0.0, 0.0, 0.0, 0.0, 0.0, 0.0, 0.0, 0.0, 0.0, 0.0, 0.0, 0.0, 0.0, 0.0, 28.352615050207078, 25.14069396919447, 17.831684751976795, 50.198907672330726, 9.861900832752136, 25.30264569036977, 24.667543357013557, 4.434676941032421, 7.643775332563561, 36.25290876375956, 0.0, 0.0, 0.0, 0.0, 0.0, 0.0, 0.0, 0.0, 0.0, 0.0, 0.0, 0.0, 0.0, 0.0, 0.0], [0.0, 0.0, 0.0, 0.0, 0.0, 0.0, 0.0, 0.0, 0.0, 0.0, 0.0, 0.0, 0.0, 0.0, 0.0, 28.352615050207078, 25.14069396919447, 17.831684751976795, 50.198907672330726, 9.861900832752136, 25.30264569036977, 24.667543357013557, 4.434676941032421, 7.643775332563561, 36.25290876375956, 0.0, 0.0, 0.0, 0.0, 0.0, 0.0, 0.0, 0.0, 0.0, 0.0, 0.0, 0.0, 0.0, 0.0, 0.0], [28.352615050207078, 28.352615050207078, 28.352615050207078, 28.352615050207078, 28.352615050207078, 28.352615050207078, 28.352615050207078, 28.352615050207078, 28.352615050207078, 28.352615050207078, 28.352615050207078, 28.352615050207078, 28.352615050207078, 28.352615050207078, 28.352615050207078, 0.0, 4.259782539812491, 18.61883145504764, 25.308281888640476, 37.44015694558743, 43.76800957182434, 22.932647373111063, 32.77235704788936, 23.89289046594347, 21.701463733332773, 28.352615050207078, 28.352615050207078, 28.352615050207078, 28.352615050207078, 28.352615050207078, 28.352615050207078, 28.352615050207078, 28.352615050207078, 28.352615050207078, 28.352615050207078, 28.352615050207078, 28.352615050207078, 28.352615050207078, 28.352615050207078, 28.352615050207078], [25.14069396919447, 25.14069396919447, 25.14069396919447, 25.14069396919447, 25.14069396919447, 25.14069396919447, 25.14069396919447, 25.14069396919447, 25.14069396919447, 25.14069396919447, 25.14069396919447, 25.14069396919447, 25.14069396919447, 25.14069396919447, 25.14069396919447, 4.259782539812491, 0.0, 14.359082492402365, 26.411386070738462, 34.55316455754985, 39.52657577729587, 23.648344998965893, 29.574852929059848, 