{"num_workers": 15, "num_roles": 3, "num_nodes": 40, "w": [[0, 0], [0, 0], [0, 0], [0, 0], [0, 0], [0, 0], [0, 0], [0, 0], [0, 0], [0, 0], [0, 0], [0, 0], [0, 0], [0, 0], [0, 0], [120, 180], [270, 390], [60, 390], [90, 450], [210, 360], [30, 270], [210, 390], [210, 390], [90, 450], [120, 180], [480, 480], [480, 480], [480, 480], [480, 480], [480, 480], [480, 480], [480, 480], [480, 480], [480, 480], [480, 480], [480, 480], [480, 480], [480, 480], [480, 480], [480, 480]], "p": [0, 0, 0, 0, 0, 0, 0, 0, 0, 0, 0, 0, 0, 0, 0, 66.29588876673412, 49.99161785397641, 19.943210865825076, 49.06414868881662, 24.614512197666514, 61.6637680602523, 46.416951141586594, 23.208475570793297, 24.53207434440831, 33.14794438336706, 0, 0, 0, 0, 0, 0, 0, 0, 0, 0, 0, 0, 0, 0, 0], "e": [[1, 0, 1], [0, 1, 1], [1, 1, 0], [1, 1, 0], [0, 1, 1], [1, 1, 0], [0, 1, 1], [0, 1, 0], [0, 1, 0], [1, 1, 0], [0, 1, 1], [1, 0, 0], [0, 0, 1], [0, 1, 0], [0, 1, 0]], "d": [[1, 1, 1, 1, 1, 1, 1, 2, 2, 2], [0, 0, 0, 1, 1, 1, 0, 0, 2, 0], [2, 2, 1, 0, 0, 0, 1, 2, 0, 4]], "r": [4003, 3419, 1646, 3391, 1747, 956, 2582, 2582, 3391, 4003], "g": [[0, 0, 0, 0, 0, 0, 0, 0, 0, 1], [0, 0, 0, 0, 0, 0, 0, 0, 0, 0], [0, 0, 0, 0, 0, 0, 0, 0, 0, 0], [0, 0, 0, 0, 0, 0, 0, 0, 1, 0], [0, 0, 0, 0, 0, 0, 0, 0, 0, 0], [0, 0, 0, 0, 0, 0, 0, 0, 0, 0], [0, 0, 0, 0, 0, 0, 0, 1, 0, 0], [0, 0, 0, 0, 0, 0, 1, 0, 0, 0], [0, 0, 0, 1, 0, 0, 0, 0, 0, 0], [1, 0, 0, 0, 0, 0, 0, 0, 0, 0]], "t": [[0.0, 0.0, 0.0, 0.0, 0.0, 0.0, 0.0, 0.0, 0.0, 0.0, 0.0, 0.0, 0.0, 0.0, 0.0, 26.479804563263087, 3.8263603700102644, 20.221058666029954, 20.88116770247943, 28.38603352332406, 8.417789123679805, 9.429705224822026, 9.429705224822026, 20.88116770247943, 26.479804563263087, 0.0, 0.0, 0.0, 0.0, 0.0, 0.0, 0.0, 0.0, 0.0, 0.0, 0.0, 0.0, 0.0, 0.0, 0.0], [0.0, 0.0, 0.0, 0.0, 0.0, 0.0, 0.0, 0.0, 0.0, 0.0, 0.0, 0.0, 0.0, 0.0, 0.0, 26.479804563263087, 3.8263603700102644, 20.221058666029954, 20.88116770247943, 28.38603352332406, 8.417789123679805, 9.429705224822026, 9.429705224822026, 20.88116770247943, 26.479804563263087, 0.0, 0.0, 0.0, 0.0, 0.0, 0.0, 0.0, 0.0, 0.0, 0.0, 0.0, 0.0, 0.0, 0.0, 0.0], [0.0, 0.0, 0.0, 0.0, 0.0, 0.0, 0.0, 0.0, 0.0, 0.0, 0.0, 0.0, 0.0, 0.0, 0.0, 26.479804563263087, 3.8263603700102644, 20.221058666029954, 20.88116770247943, 28.38603352332406, 8.417789123679805, 9.429705224822026, 9.429705224822026, 20.88116770247943, 26.479804563263087, 0.0, 0.0, 0.0, 0.0, 0.0, 0.0, 0.0, 0.0, 0.0, 0.0, 0.0, 0.0, 0.0, 0.0, 0.0], [0.0, 0.0, 0.0, 0.0, 0.0, 0.0, 0.0, 0.0, 0.0, 0.0, 0.0, 0.0, 0.0, 0.0, 0.0, 26.479804563263087, 3.8263603700102644, 20.221058666029954, 20.88116770247943, 28.38603352332406, 8.417789123679805, 9.429705224822026, 9.429705224822026, 20.88116770247943, 26.479804563263087, 0.0, 0.0, 0.0, 0.0, 0.0, 0.0, 0.0, 0.0, 0.0, 0.0, 0.0, 0.0, 0.0, 0.0, 0.0], [0.0, 0.0, 0.0, 0.0, 0.0, 0.0, 0.0, 0.0, 0.0, 0.0, 0.0, 0.0, 0.0, 0.0, 0.0, 26.479804563263087, 3.8263603700102644, 20.221058666029954, 20.88116770247943, 28.38603352332406, 8.417789123679805, 9.429705224822026, 9.429705224822026, 20.88116770247943, 26.479804563263087, 0.0, 0.0, 0.0, 0.0, 0.0, 0.0, 0.0, 0.0, 0.0, 0.0, 0.0, 0.0, 0.0, 0.0, 0.0], [0.0, 0.0, 0.0, 0.0, 0.0, 0.0, 0.0, 0.0, 0.0, 0.0, 0.0, 0.0, 0.0, 0.0, 0.0, 26.479804563263087, 3.8263603700102644, 20.221058666029954, 20.88116770247943, 28.38603352332406, 8.417789123679805, 9.429705224822026, 9.429705224822026, 20.88116770247943, 26.479804563263087, 0.0, 0.0, 0.0, 0.0, 0.0, 0.0, 0.0, 0.0, 0.0, 0.0, 0.0, 0.0, 0.0, 0.0, 0.0], [0.0, 0.0, 0.0, 0.0, 0.0, 0.0, 0.0, 0.0, 0.0, 0.0, 0.0, 0.0, 0.0, 0.0, 0.0, 26.479804563263087, 3.8263603700102644, 20.221058666029954, 20.88116770247943, 28.38603352332406, 8.417789123679805, 9.429705224822026, 9.429705224822026, 20.88116770247943, 26.479804563263087, 0.0, 0.0, 0.0, 0.0, 0.0, 0.0, 0.0, 0.0, 0.0, 0.0, 0.0, 0.0, 0.0, 0.0, 0.0], [0.0, 0.0, 0.0, 0.0, 0.0, 0.0, 0.0, 0.0, 0.0, 0.0, 0.0, 0.0, 0.0, 0.0, 0.0, 26.479804563263087, 3.8263603700102644, 20.221058666029954, 20.88116770247943, 28.38603352332406, 8.417789123679805, 9.429705224822026, 9.429705224822026, 20.88116770247943, 26.479804563263087, 0.0, 0.0, 0.0, 0.0, 0.0, 0.0, 0.0, 0.0, 0.0, 0.0, 0.0, 0.0, 0.0, 0.0, 0.0], [0.0, 0.0, 0.0, 0.0, 0.0, 0.0, 0.0, 0.0, 0.0, 0.0, 0.0, 0.0, 0.0, 0.0, 0.0, 26.479804563263087, 3.8263603700102644, 20.221058666029954, 20.88116770247943, 28.38603352332406, 8.417789123679805, 9.429705224822026, 9.429705224822026, 20.88116770247943, 26.479804563263087, 0.0, 0.0, 0.0, 0.0, 0.0, 0.0, 0.0, 0.0, 0.0, 0.0, 0.0, 0.0, 0.0, 0.0, 0.0], [0.0, 0.0, 0.0, 0.0, 0.0, 0.0, 0.0, 0.0, 0.0, 0.0, 0.0, 0.0, 0.0, 0.0, 0.0, 26.479804563263087, 3.8263603700102644, 20.221058666029954, 20.88116770247943, 28.38603352332406, 8.417789123679805, 9.429705224822026, 9.429705224822026, 20.88116770247943, 26.479804563263087, 0.0, 0.0, 0.0, 0.0, 0.0, 0.0, 0.0, 0.0, 0.0, 0.0, 0.0, 0.0, 0.0, 0.0, 0.0], [0.0, 0.0, 0.0, 0.0, 0.0, 0.0, 0.0, 0.0, 0.0, 0.0, 0.0, 0.0, 0.0, 0.0, 0.0, 26.479804563263087, 3.8263603700102644, 20.221058666029954, 20.88116770247943, 28.38603352332406, 8.417789123679805, 9.429705224822026, 9.429705224822026, 20.88116770247943, 26.479804563263087, 0.0, 0.0, 0.0, 0.0, 0.0, 0.0, 0.0, 0.0, 0.0, 0.0, 0.0, 0.0, 0.0, 0.0, 0.0], [0.0, 0.0, 0.0, 0.0, 0.0, 0.0, 0.0, 0.0, 0.0, 0.0, 0.0, 0.0, 0.0, 0.0, 0.0, 26.479804563263087, 3.8263603700102644, 20.221058666029954, 20.88116770247943, 28.38603352332406, 8.417789123679805, 9.429705224822026, 9.429705224822026, 20.88116770247943, 26.479804563263087, 0.0, 0.0, 0.0, 0.0, 0.0, 0.0, 0.0, 0.0, 0.0, 0.0, 0.0, 0.0, 0.0, 0.0, 0.0], [0.0, 0.0, 0.0, 0.0, 0.0, 0.0, 0.0, 0.0, 0.0, 0.0, 0.0, 0.0, 0.0, 0.0, 0.0, 26.479804563263087, 3.8263603700102644, 20.221058666029954, 20.88116770247943, 28.38603352332406, 8.417789123679805, 9.429705224822026, 9.429705224822026, 20.88116770247943, 26.479804563263087, 0.0, 0.0, 0.0, 0.0, 0.0, 0.0, 0.0, 0.0, 0.0, 0.0, 0.0, 0.0, 0.0, 0.0, 0.0], [0.0, 0.0, 0.0, 0.0, 0.0, 0.0, 0.0, 0.0, 0.0, 0.0, 0.0, 0.0, 0.0, 0.0, 0.0, 26.479804563263087, 3.8263603700102644, 20.221058666029954, 20.88116770247943, 28.38603352332406, 8.417789123679805, 9.429705224822026, 9.429705224822026, 20.88116770247943, 26.479804563263087, 0.0, 0.0, 0.0, 0.0, 0.0, 0.0, 0.0, 0.0, 0.0, 0.0, 0.0, 0.0, 0.0, 0.0, 0.0], [0.0, 0.0, 0.0, 0.0, 0.0, 0.0, 0.0, 0.0, 0.0, 0.0, 0.0, 0.0, 0.0, 0.0, 0.0, 26.479804563263087, 3.8263603700102644, 20.221058666029954, 20.88116770247943, 28.38603352332406, 8.417789123679805, 9.429705224822026, 9.429705224822026, 20.88116770247943, 26.479804563263087, 0.0, 0.0, 0.0, 0.0, 0.0, 0.0, 0.0, 0.0, 0.0, 0.0, 0.0, 0.0, 0.0, 0.0, 0.0], [26.479804563263087, 26.479804563263087, 26.479804563263087, 26.479804563263087, 26.479804563263087, 26.479804563263087, 26.479804563263087, 26.479804563263087, 26.479804563263087, 26.479804563263087, 26.479804563263087, 26.479804563263087, 26.479804563263087, 26.479804563263087, 26.479804563263087, 0.0, 23.6822392295051, 7.956458699278849, 29.36115377417309, 23.76292824486836, 30.0, 25.17478204469637, 25.17478204469637, 29.36115377417309, 0.0, 26.479804563263087, 26.479804563263087, 26.479804563263087, 26.479804563263087, 26.479804563263087, 26.479804563263087, 26.479804563263087, 26.479804563263087, 26.479804563263087, 26.479804563263087, 26.479804563263087, 26.479804563263087, 26.479804563263087, 26.479804563263087, 26.479804563263087], [3.8263603700102644, 3.8263603700102644, 3.8263603700102644, 3.8263603700102644, 3.8263603700102644, 3.8263603700102644, 3.8263603700102644, 3.8263603700102644, 3.8263603700102644, 3.8263603700102644, 3.8263603700102644, 3.8263603700102644, 3.8263603700102644, 3.8263603700102644, 3.8263603700102644, 23.6822392295051, 0.0, 16.935403851703327, 17.903558185757102, 24.641844663390234, 7.738299538318559, 6.490432001729298, 6.490432001729298, 17.903558185757102, 23.6822392295051, 3.8263603700102644, 3.8263603700102644, 3.8263603700102644, 3.8263603700102644, 3.8263603700102644, 3.8263603700102644, 3.8263603700102644, 