{"num_workers": 15, "num_roles": 3, "num_nodes": 40, "w": [[0, 0], [0, 0], [0, 0], [0, 0], [0, 0], [0, 0], [0, 0], [0, 0], [0, 0], [0, 0], [0, 0], [0, 0], [0, 0], [0, 0], [0, 0], [30, 390], [240, 390], [60, 150], [60, 360], [180, 330], [150, 330], [120, 390], [180, 330], [240, 390], [60, 360], [480, 480], [480, 480], [480, 480], [480, 480], [480, 480], [480, 480], [480, 480], [480, 480], [480, 480], [480, 480], [480, 480], [480, 480], [480, 480], [480, 480], [480, 480]], "p": [0, 0, 0, 0, 0, 0, 0, 0, 0, 0, 0, 0, 0, 0, 0, 24.152362474487198, 39.417130279689744, 51.91231502839078, 52.79546266277773, 60.62850230382129, 27.351765858119894, 21.220120067366935, 30.314251151910646, 19.708565139844872, 26.397731331388865, 0, 0, 0, 0, 0, 0, 0, 0, 0, 0, 0, 0, 0, 0, 0], "e": [[1, 0, 1], [0, 1, 0], [1, 1, 0], [0, 1, 1], [0, 1, 0], [1, 1, 0], [0, 1, 1], [0, 1, 1], [0, 1, 1], [1, 1, 0], [0, 1, 1], [1, 0, 0], [0, 1, 0], [0, 1, 0], [1, 0, 0]], "d": [[0, 2, 1, 1, 0, 2, 0, 0, 4, 2], [1, 1, 1, 2, 1, 1, 1, 2, 2, 4], [0, 0, 1, 0, 0, 0, 0, 0, 0, 0]], "r": [3529, 2046, 2458, 3560, 4865, 819, 347, 4865, 2046, 3560], "g": [[0, 0, 0, 0, 0, 0, 0, 0, 0, 0], [0, 0, 0, 0, 0, 0, 0, 0, 1, 0], [0, 0, 0, 0, 0, 0, 0, 0, 0, 0], [0, 0, 0, 0, 0, 0, 0, 0, 0, 1], [0, 0, 0, 0, 0, 0, 0, 1, 0, 0], [0, 0, 0, 0, 0, 0, 0, 0, 0, 0], [0, 0, 0, 0, 0, 0, 0, 0, 0, 0], [0, 0, 0, 0, 1, 0, 0, 0, 0, 0], [0, 1, 0, 0, 0, 0, 0, 0, 0, 0], [0, 0, 0, 1, 0, 0, 0, 0, 0, 0]], "t": [[0.0, 0.0, 0.0, 0.0, 0.0, 0.0, 0.0, 0.0, 0.0, 0.0, 0.0, 0.0, 0.0, 0.0, 0.0, 13.95137891426977, 5.149582018689686, 15.01973275568574, 6.345910372234832, 20.852630438922738, 20.986438863288274, 9.086541344359297, 20.852630438922738, 5.149582018689686, 6.345910372234832, 0.0, 0.0, 0.0, 0.0, 0.0, 0.0, 0.0, 0.0, 0.0, 0.0, 0.0, 0.0, 0.0, 0.0, 0.0], [0.0, 0.0, 0.0, 0.0, 0.0, 0.0, 0.0, 0.0, 0.0, 0.0, 0.0, 0.0, 0.0, 0.0, 0.0, 13.95137891426977, 5.149582018689686, 15.01973275568574, 6.345910372234832, 20.852630438922738, 20.986438863288274, 9.086541344359297, 20.852630438922738, 5.149582018689686, 6.345910372234832, 0.0, 0.0, 0.0, 0.0, 0.0, 0.0, 0.0, 0.0, 0.0, 0.0, 0.0, 0.0, 0.0, 0.0, 0.0], [0.0, 0.0, 0.0, 0.0, 0.0, 0.0, 0.0, 0.0, 0.0, 0.0, 0.0, 0.0, 0.0, 0.0, 0.0, 13.95137891426977, 5.149582018689686, 15.01973275568574, 6.345910372234832, 20.852630438922738, 20.986438863288274, 9.086541344359297, 20.852630438922738, 5.149582018689686, 6.345910372234832, 0.0, 0.0, 0.0, 0.0, 0.0, 0.0, 0.0, 0.0, 0.0, 0.0, 0.0, 0.0, 0.0, 0.0, 0.0], [0.0, 0.0, 0.0, 0.0, 0.0, 0.0, 0.0, 0.0, 0.0, 0.0, 0.0, 0.0, 0.0, 0.0, 0.0, 13.95137891426977, 5.149582018689686, 15.01973275568574, 6.345910372234832, 20.852630438922738, 20.986438863288274, 9.086541344359297, 20.852630438922738, 5.149582018689686, 6.345910372234832, 0.0, 0.0, 0.0, 0.0, 0.0, 0.0, 0.0, 0.0, 0.0, 0.0, 0.0, 0.0, 0.0, 0.0, 0.0], [0.0, 0.0, 0.0, 0.0, 0.0, 0.0, 0.0, 0.0, 0.0, 0.0, 0.0, 0.0, 0.0, 0.0, 0.0, 13.95137891426977, 5.149582018689686, 15.01973275568574, 6.345910372234832, 20.852630438922738, 20.986438863288274, 9.086541344359297, 20.852630438922738, 5.149582018689686, 6.345910372234832, 0.0, 0.0, 0.0, 0.0, 0.0, 0.0, 0.0, 0.0, 0.0, 0.0, 0.0, 0.0, 0.0, 0.0, 0.0], [0.0, 0.0, 0.0, 0.0, 0.0, 0.0, 0.0, 0.0, 0.0, 0.0, 0.0, 0.0, 0.0, 0.0, 0.0, 13.95137891426977, 5.149582018689686, 15.01973275568574, 6.345910372234832, 20.852630438922738, 20.986438863288274, 9.086541344359297, 20.852630438922738, 5.149582018689686, 6.345910372234832, 0.0, 0.0, 0.0, 0.0, 0.0, 0.0, 0.0, 0.0, 0.0, 0.0, 0.0, 0.0, 0.0, 0.0, 0.0], [0.0, 0.0, 0.0, 0.0, 0.0, 0.0, 0.0, 0.0, 0.0, 0.0, 0.0, 0.0, 0.0, 0.0, 0.0, 13.95137891426977, 5.149582018689686, 15.01973275568574, 6.345910372234832, 20.852630438922738, 20.986438863288274, 9.086541344359297, 20.852630438922738, 5.149582018689686, 6.345910372234832, 0.0, 0.0, 0.0, 0.0, 0.0, 0.0, 0.0, 0.0, 0.0, 0.0, 0.0, 0.0, 0.0, 0.0, 0.0], [0.0, 0.0, 0.0, 0.0, 0.0, 0.0, 0.0, 0.0, 0.0, 0.0, 0.0, 0.0, 0.0, 0.0, 0.0, 13.95137891426977, 5.149582018689686, 15.01973275568574, 6.345910372234832, 20.852630438922738, 20.986438863288274, 9.086541344359297, 20.852630438922738, 5.149582018689686, 6.345910372234832, 0.0, 0.0, 0.0, 0.0, 0.0, 0.0, 0.0, 0.0, 0.0, 0.0, 0.0, 0.0, 0.0, 0.0, 0.0], [0.0, 0.0, 0.0, 0.0, 0.0, 0.0, 0.0, 0.0, 0.0, 0.0, 0.0, 0.0, 0.0, 0.0, 0.0, 13.95137891426977, 5.149582018689686, 15.01973275568574, 6.345910372234832, 20.852630438922738, 20.986438863288274, 9.086541344359297, 20.852630438922738, 5.149582018689686, 6.345910372234832, 0.0, 0.0, 0.0, 0.0, 0.0, 0.0, 0.0, 0.0, 0.0, 0.0, 0.0, 0.0, 0.0, 0.0, 0.0], [0.0, 0.0, 0.0, 0.0, 0.0, 0.0, 0.0, 0.0, 0.0, 0.0, 0.0, 0.0, 0.0, 0.0, 0.0, 13.95137891426977, 5.149582018689686, 15.01973275568574, 6.345910372234832, 20.852630438922738, 20.986438863288274, 9.086541344359297, 20.852630438922738, 5.149582018689686, 6.345910372234832, 0.0, 0.0, 0.0, 0.0, 0.0, 0.0, 0.0, 0.0, 0.0, 0.0, 0.0, 0.0, 0.0, 0.0, 0.0], [0.0, 0.0, 0.0, 0.0, 0.0, 0.0, 0.0, 0.0, 0.0, 0.0, 0.0, 0.0, 0.0, 0.0, 0.0, 13.95137891426977, 5.149582018689686, 15.01973275568574, 6.345910372234832, 20.852630438922738, 20.986438863288274, 9.086541344359297, 20.852630438922738, 5.149582018689686, 6.345910372234832, 0.0, 0.0, 0.0, 0.0, 0.0, 0.0, 0.0, 0.0, 0.0, 0.0, 0.0, 0.0, 0.0, 0.0, 0.0], [0.0, 0.0, 0.0, 0.0, 0.0, 0.0, 0.0, 0.0, 0.0, 0.0, 0.0, 0.0, 0.0, 0.0, 0.0, 13.95137891426977, 5.149582018689686, 15.01973275568574, 6.345910372234832, 20.852630438922738, 20.986438863288274, 9.086541344359297, 20.852630438922738, 5.149582018689686, 6.345910372234832, 0.0, 0.0, 0.0, 0.0, 0.0, 0.0, 0.0, 0.0, 0.0, 0.0, 0.0, 0.0, 0.0, 0.0, 0.0], [0.0, 0.0, 0.0, 0.0, 0.0, 0.0, 0.0, 0.0, 0.0, 0.0, 0.0, 0.0, 0.0, 0.0, 0.0, 13.95137891426977, 5.149582018689686, 15.01973275568574, 6.345910372234832, 20.852630438922738, 20.986438863288274, 9.086541344359297, 20.852630438922738, 5.149582018689686, 6.345910372234832, 0.0, 0.0, 0.0, 0.0, 0.0, 0.0, 0.0, 0.0, 0.0, 0.0, 0.0, 0.0, 0.0, 0.0, 0.0], [0.0, 0.0, 0.0, 0.0, 0.0, 0.0, 0.0, 0.0, 0.0, 0.0, 0.0, 0.0, 0.0, 0.0, 0.0, 13.95137891426977, 5.149582018689686, 15.01973275568574, 6.345910372234832, 20.852630438922738, 20.986438863288274, 9.086541344359297, 20.852630438922738, 5.149582018689686, 6.345910372234832, 0.0, 0.0, 0.0, 0.0, 0.0, 0.0, 0.0, 0.0, 0.0, 0.0, 0.0, 0.0, 0.0, 0.0, 0.0], [0.0, 0.0, 0.0, 0.0, 0.0, 0.0, 0.0, 0.0, 0.0, 0.0, 0.0, 0.0, 0.0, 0.0, 0.0, 13.95137891426977, 5.149582018689686, 15.01973275568574, 6.345910372234832, 20.852630438922738, 20.986438863288274, 9.086541344359297, 20.852630438922738, 5.149582018689686, 6.345910372234832, 0.0, 0.0, 0.0, 0.0, 0.0, 0.0, 0.0, 0.0, 0.0, 0.0, 0.0, 0.0, 0.0, 0.0, 0.0], [13.95137891426977, 13.95137891426977, 13.95137891426977, 13.95137891426977, 13.95137891426977, 13.95137891426977, 13.95137891426977, 13.95137891426977, 13.95137891426977, 13.95137891426977, 13.95137891426977, 13.95137891426977, 13.95137891426977, 13.95137891426977, 13.95137891426977, 0.0, 9.09782661230508, 7.873709453494949, 14.413995568729728, 26.068222030299015, 23.571570023216175, 16.529776190294996, 26.068222030299015, 9.09782661230508, 14.413995568729728, 13.95137891426977, 13.95137891426977, 13.95137891426977, 13.95137891426977, 13.95137891426977, 13.95137891426977, 13.95137891426977, 13.95137891426977, 13.95137891426977, 13.95137891426977, 13.95137891426977, 13.95137891426977, 13.95137891426977, 13.95137891426977, 13.95137891426977], [5.149582018689686, 5.149582018689686, 5.149582018689686, 5.149582018689686, 5.149582018689686, 5.149582018689686, 5.149582018689686, 5.149582018689686, 5.149582018689686, 5.149582018689686, 5.149582018689686, 5.149582018689686, 5.149582018689686, 5.149582018689686, 5.149582018689686, 9.09782661230508, 0.0, 10.156661935863399, 8.632207373020986, 20.53247653734018, 19.521408733829848, 11.525969392963713, 20.53247653734018, 0.0, 8.632207373020986, 5.149582018689686, 5.149582018689686, 5.149582018689686, 5.149582018689686, 5.149582018689686, 5.149582018689686, 5.149582018689686, 5.149582018689686, 5.149582018689686, 