{"num_workers": 15, "num_roles": 5, "num_nodes": 40, "w": [[0, 0], [0, 0], [0, 0], [0, 0], [0, 0], [0, 0], [0, 0], [0, 0], [0, 0], [0, 0], [0, 0], [0, 0], [0, 0], [0, 0], [0, 0], [180, 300], [60, 360], [210, 390], [30, 210], [120, 420], [180, 330], [120, 240], [120, 450], [60, 330], [180, 270], [480, 480], [480, 480], [480, 480], [480, 480], [480, 480], [480, 480], [480, 480], [480, 480], [480, 480], [480, 480], [480, 480], [480, 480], [480, 480], [480, 480], [480, 480]], "p": [0, 0, 0, 0, 0, 0, 0, 0, 0, 0, 0, 0, 0, 0, 0, 43.24813334846324, 27.137824435563402, 38.79527195005843, 61.339223841750815, 73.83121698956478, 18.263546238246164, 22.003478953242734, 45.9971613177417, 18.0570023661129, 19.526415058841586, 0, 0, 0, 0, 0, 0, 0, 0, 0, 0, 0, 0, 0, 0, 0], "e": [[0, 1, 0, 0, 1], [1, 0, 0, 0, 0], [1, 0, 1, 0, 0], [0, 0, 0, 1, 0], [0, 0, 0, 1, 0], [1, 0, 0, 0, 0], [0, 1, 0, 0, 0], [0, 0, 1, 0, 0], [0, 0, 0, 0, 1], [0, 0, 0, 1, 0], [0, 0, 1, 0, 0], [0, 1, 0, 0, 0], [0, 0, 0, 0, 1], [0, 1, 0, 0, 0], [1, 0, 0, 0, 0]], "d": [[0, 0, 1, 0, 0, 0, 0, 0, 0, 0], [0, 2, 1, 2, 0, 0, 2, 2, 0, 0], [0, 1, 1, 1, 0, 1, 1, 1, 0, 0], [1, 0, 1, 0, 1, 2, 0, 0, 1, 1], [2, 0, 1, 0, 2, 0, 0, 0, 2, 2]], "r": [2967, 2058, 2626, 892, 1579, 1534, 787, 4049, 2119, 4248], "g": [[0, 0, 0, 0, 0, 0, 0, 0, 0, 0], [0, 0, 0, 0, 0, 0, 0, 0, 0, 0], [0, 0, 0, 0, 0, 0, 0, 0, 0, 0], [0, 0, 0, 0, 0, 0, 0, 0, 0, 0], [0, 0, 0, 0, 0, 0, 0, 0, 0, 0], [0, 0, 0, 0, 0, 0, 0, 0, 0, 0], [0, 0, 0, 0, 0, 0, 0, 0, 0, 0], [0, 0, 0, 0, 0, 0, 0, 0, 0, 0], [0, 0, 0, 0, 0, 0, 0, 0, 0, 0], [0, 0, 0, 0, 0, 0, 0, 0, 0, 0]], "t": [[0.0, 0.0, 0.0, 0.0, 0.0, 0.0, 0.0, 0.0, 0.0, 0.0, 0.0, 0.0, 0.0, 0.0, 0.0, 10.16494361119894, 1.822628203041727, 26.422694227415708, 27.01750707249167, 54.88481761439152, 5.325329174619911, 31.623658782289993, 4.352131135683199, 14.036382925394356, 19.977767800836812, 0.0, 0.0, 0.0, 0.0, 0.0, 0.0, 0.0, 0.0, 0.0, 0.0, 0.0, 0.0, 0.0, 0.0, 0.0], [0.0, 0.0, 0.0, 0.0, 0.0, 0.0, 0.0, 0.0, 0.0, 0.0, 0.0, 0.0, 0.0, 0.0, 0.0, 10.16494361119894, 1.822628203041727, 26.422694227415708, 27.01750707249167, 54.88481761439152, 5.325329174619911, 31.623658782289993, 4.352131135683199, 14.036382925394356, 19.977767800836812, 0.0, 0.0, 0.0, 0.0, 0.0, 0.0, 0.0, 0.0, 0.0, 0.0, 0.0, 0.0, 0.0, 0.0, 0.0], [0.0, 0.0, 0.0, 0.0, 0.0, 0.0, 0.0, 0.0, 0.0, 0.0, 0.0, 0.0, 0.0, 0.0, 0.0, 10.16494361119894, 1.822628203041727, 26.422694227415708, 27.01750707249167, 54.88481761439152, 5.325329174619911, 31.623658782289993, 4.352131135683199, 14.036382925394356, 19.977767800836812, 0.0, 0.0, 0.0, 0.0, 0.0, 0.0, 0.0, 0.0, 0.0, 0.0, 0.0, 0.0, 0.0, 0.0, 0.0], [0.0, 0.0, 0.0, 0.0, 0.0, 0.0, 0.0, 0.0, 0.0, 0.0, 0.0, 0.0, 0.0, 0.0, 0.0, 10.16494361119894, 1.822628203041727, 26.422694227415708, 27.01750707249167, 54.88481761439152, 5.325329174619911, 31.623658782289993, 4.352131135683199, 14.036382925394356, 19.977767800836812, 0.0, 0.0, 0.0, 0.0, 0.0, 0.0, 0.0, 0.0, 0.0, 0.0, 0.0, 0.0, 0.0, 0.0, 0.0], [0.0, 0.0, 0.0, 0.0, 0.0, 0.0, 0.0, 0.0, 0.0, 0.0, 0.0, 0.0, 0.0, 0.0, 0.0, 10.16494361119894, 1.822628203041727, 26.422694227415708, 27.01750707249167, 54.88481761439152, 5.325329174619911, 31.623658782289993, 4.352131135683199, 14.036382925394356, 19.977767800836812, 0.0, 0.0, 0.0, 0.0, 0.0, 0.0, 0.0, 0.0, 0.0, 0.0, 0.0, 0.0, 0.0, 0.0, 0.0], [0.0, 0.0, 0.0, 0.0, 0.0, 0.0, 0.0, 0.0, 0.0, 0.0, 0.0, 0.0, 0.0, 0.0, 0.0, 10.16494361119894, 1.822628203041727, 26.422694227415708, 27.01750707249167, 54.88481761439152, 5.325329174619911, 31.623658782289993, 4.352131135683199, 14.036382925394356, 19.977767800836812, 0.0, 0.0, 0.0, 0.0, 0.0, 0.0, 0.0, 0.0, 0.0, 0.0, 0.0, 0.0, 0.0, 0.0, 0.0], [0.0, 0.0, 0.0, 0.0, 0.0, 0.0, 0.0, 0.0, 0.0, 0.0, 0.0, 0.0, 0.0, 0.0, 0.0, 10.16494361119894, 1.822628203041727, 26.422694227415708, 27.01750707249167, 54.88481761439152, 5.325329174619911, 31.623658782289993, 4.352131135683199, 14.036382925394356, 19.977767800836812, 0.0, 0.0, 0.0, 0.0, 0.0, 0.0, 0.0, 0.0, 0.0, 0.0, 0.0, 0.0, 0.0, 0.0, 0.0], [0.0, 0.0, 0.0, 0.0, 0.0, 0.0, 0.0, 0.0, 0.0, 0.0, 0.0, 0.0, 0.0, 0.0, 0.0, 10.16494361119894, 1.822628203041727, 26.422694227415708, 27.01750707249167, 54.88481761439152, 5.325329174619911, 31.623658782289993, 4.352131135683199, 14.036382925394356, 19.977767800836812, 0.0, 0.0, 0.0, 0.0, 0.0, 0.0, 0.0, 0.0, 0.0, 0.0, 0.0, 0.0, 0.0, 0.0, 0.0], [0.0, 0.0, 0.0, 0.0, 0.0, 0.0, 0.0, 0.0, 0.0, 0.0, 0.0, 0.0, 0.0, 0.0, 0.0, 10.16494361119894, 1.822628203041727, 26.422694227415708, 27.01750707249167, 54.88481761439152, 5.325329174619911, 31.623658782289993, 4.352131135683199, 14.036382925394356, 19.977767800836812, 0.0, 0.0, 0.0, 0.0, 0.0, 0.0, 0.0, 0.0, 0.0, 0.0, 0.0, 0.0, 0.0, 0.0, 0.0], [0.0, 0.0, 0.0, 0.0, 0.0, 0.0, 0.0, 0.0, 0.0, 0.0, 0.0, 0.0, 0.0, 0.0, 0.0, 10.16494361119894, 1.822628203041727, 26.422694227415708, 27.01750707249167, 54.88481761439152, 5.325329174619911, 31.623658782289993, 4.352131135683199, 14.036382925394356, 19.977767800836812, 0.0, 0.0, 0.0, 0.0, 0.0, 0.0, 0.0, 0.0, 0.0, 0.0, 0.0, 0.0, 0.0, 0.0, 0.0], [0.0, 0.0, 0.0, 0.0, 0.0, 0.0, 0.0, 0.0, 0.0, 0.0, 0.0, 0.0, 0.0, 0.0, 0.0, 10.16494361119894, 1.822628203041727, 26.422694227415708, 27.01750707249167, 54.88481761439152, 5.325329174619911, 31.623658782289993, 4.352131135683199, 14.036382925394356, 19.977767800836812, 0.0, 0.0, 0.0, 0.0, 0.0, 0.0, 0.0, 0.0, 0.0, 0.0, 0.0, 0.0, 0.0, 0.0, 0.0], [0.0, 0.0, 0.0, 0.0, 0.0, 0.0, 0.0, 0.0, 0.0, 0.0, 0.0, 0.0, 0.0, 0.0, 0.0, 10.16494361119894, 1.822628203041727, 26.422694227415708, 27.01750707249167, 54.88481761439152, 5.325329174619911, 31.623658782289993, 4.352131135683199, 14.036382925394356, 19.977767800836812, 0.0, 0.0, 0.0, 0.0, 0.0, 0.0, 0.0, 0.0, 0.0, 0.0, 0.0, 0.0, 0.0, 0.0, 0.0], [0.0, 0.0, 0.0, 0.0, 0.0, 0.0, 0.0, 0.0, 0.0, 0.0, 0.0, 0.0, 0.0, 0.0, 0.0, 10.16494361119894, 1.822628203041727, 26.422694227415708, 27.01750707249167, 54.88481761439152, 5.325329174619911, 31.623658782289993, 4.352131135683199, 14.036382925394356, 19.977767800836812, 0.0, 0.0, 0.0, 0.0, 0.0, 0.0, 0.0, 0.0, 0.0, 0.0, 0.0, 0.0, 0.0, 0.0, 0.0], [0.0, 0.0, 0.0, 0.0, 0.0, 0.0, 0.0, 0.0, 0.0, 0.0, 0.0, 0.0, 0.0, 0.0, 0.0, 10.16494361119894, 1.822628203041727, 26.422694227415708, 27.01750707249167, 54.88481761439152, 5.325329174619911, 31.623658782289993, 4.352131135683199, 14.036382925394356, 19.977767800836812, 0.0, 0.0, 0.0, 0.0, 0.0, 0.0, 0.0, 0.0, 0.0, 0.0, 0.0, 0.0, 0.0, 0.0, 0.0], [0.0, 0.0, 0.0, 0.0, 0.0, 0.0, 0.0, 0.0, 0.0, 0.0, 0.0, 0.0, 0.0, 0.0, 0.0, 10.16494361119894, 1.822628203041727, 26.422694227415708, 27.01750707249167, 54.88481761439152, 5.325329174619911, 31.623658782289993, 4.352131135683199, 14.036382925394356, 19.977767800836812, 0.0, 0.0, 0.0, 0.0, 0.0, 0.0, 0.0, 0.0, 0.0, 0.0, 0.0, 0.0, 0.0, 0.0, 0.0], [10.16494361119894, 10.16494361119894, 10.16494361119894, 10.16494361119894, 10.16494361119894, 10.16494361119894, 10.16494361119894, 10.16494361119894, 10.16494361119894, 10.16494361119894, 10.16494361119894, 10.16494361119894, 10.16494361119894, 10.16494361119894, 10.16494361119894, 0.0, 8.365314069234923, 35.746755461938974, 24.7986696831846, 60.0, 8.64939820943783, 41.64595975518614, 9.112570188158077, 23.80867024486598, 22.31104320768209, 10.16494361119894, 10.16494361119894, 10.16494361119894, 10.16494361119894, 10.16494361119894, 10.16494361119894, 10.16494361119894, 10.16494361119894, 10.16494361119894, 10.16494361119894, 10.16494361119894, 10.16494361119894, 10.16494361119894, 10.16494361119894, 10.16494361119894], [1.822628203041727, 1.822628203041727, 1.822628203041727, 1.822628203041727, 1.822628203041727, 1.822628203041727, 1.822628203041727, 1.822628203041727, 1.822628203041727, 1.822628203041727, 1.822628203041727, 1.822628203041727, 1.822628203041727, 1.822628203041727, 1.822628203041727, 8.365314069234923, 0.0, 27.92152434086695, 26.106518463077304, 55.459156216391264, 4.383669321934129, 33.34929584090043, 3.641365990869077, 15.652652387576293, 19.777446725025865, 