{"num_workers": 15, "num_roles": 3, "num_nodes": 40, "w": [[0, 0], [0, 0], [0, 0], [0, 0], [0, 0], [0, 0], [0, 0], [0, 0], [0, 0], [0, 0], [0, 0], [0, 0], [0, 0], [0, 0], [0, 0], [60, 390], [120, 360], [240, 330], [300, 360], [90, 450], [90, 390], [180, 300], [120, 360], [90, 450], [300, 360], [480, 480], [480, 480], [480, 480], [480, 480], [480, 480], [480, 480], [480, 480], [480, 480], [480, 480], [480, 480], [480, 480], [480, 480], [480, 480], [480, 480], [480, 480]], "p": [0, 0, 0, 0, 0, 0, 0, 0, 0, 0, 0, 0, 0, 0, 0, 47.511227794865604, 33.586659354191696, 28.267272971737007, 45.47095118630743, 49.31525258481468, 33.566271959142895, 51.45828857084547, 16.793329677095848, 24.65762629240734, 22.735475593153716, 0, 0, 0, 0, 0, 0, 0, 0, 0, 0, 0, 0, 0, 0, 0], "e": [[1, 1, 0], [1, 1, 0], [1, 1, 0], [1, 1, 0], [1, 1, 0], [0, 1, 0], [0, 1, 1], [0, 1, 1], [0, 1, 1], [0, 1, 1], [0, 1, 0], [0, 1, 0], [0, 0, 1], [1, 0, 0], [0, 0, 1]], "d": [[0, 2, 1, 1, 0, 2, 1, 4, 0, 2], [1, 0, 0, 0, 1, 0, 0, 0, 2, 0], [0, 0, 2, 2, 2, 0, 2, 0, 4, 4]], "r": [838, 4533, 1470, 3259, 4866, 3401, 1367, 4533, 4866, 3259], "g": [[0, 0, 0, 0, 0, 0, 0, 0, 0, 0], [0, 0, 0, 0, 0, 0, 0, 1, 0, 0], [0, 0, 0, 0, 0, 0, 0, 0, 0, 0], [0, 0, 0, 0, 0, 0, 0, 0, 0, 1], [0, 0, 0, 0, 0, 0, 0, 0, 1, 0], [0, 0, 0, 0, 0, 0, 0, 0, 0, 0], [0, 0, 0, 0, 0, 0, 0, 0, 0, 0], [0, 1, 0, 0, 0, 0, 0, 0, 0, 0], [0, 0, 0, 0, 1, 0, 0, 0, 0, 0], [0, 0, 0, 1, 0, 0, 0, 0, 0, 0]], "t": [[0.0, 0.0, 0.0, 0.0, 0.0, 0.0, 0.0, 0.0, 0.0, 0.0, 0.0, 0.0, 0.0, 0.0, 0.0, 6.439503187729628, 9.386684281782527, 24.893294856443056, 22.095150024560148, 11.81634039404804, 10.039759328889485, 23.157349343416303, 9.386684281782527, 11.81634039404804, 22.095150024560148, 0.0, 0.0, 0.0, 0.0, 0.0, 0.0, 0.0, 0.0, 0.0, 0.0, 0.0, 0.0, 0.0, 0.0, 0.0], [0.0, 0.0, 0.0, 0.0, 0.0, 0.0, 0.0, 0.0, 0.0, 0.0, 0.0, 0.0, 0.0, 0.0, 0.0, 6.439503187729628, 9.386684281782527, 24.893294856443056, 22.095150024560148, 11.81634039404804, 10.039759328889485, 23.157349343416303, 9.386684281782527, 11.81634039404804, 22.095150024560148, 0.0, 0.0, 0.0, 0.0, 0.0, 0.0, 0.0, 0.0, 0.0, 0.0, 0.0, 0.0, 0.0, 0.0, 0.0], [0.0, 0.0, 0.0, 0.0, 0.0, 0.0, 0.0, 0.0, 0.0, 0.0, 0.0, 0.0, 0.0, 0.0, 0.0, 6.439503187729628, 9.386684281782527, 24.893294856443056, 22.095150024560148, 11.81634039404804, 10.039759328889485, 23.157349343416303, 9.386684281782527, 11.81634039404804, 22.095150024560148, 0.0, 0.0, 0.0, 0.0, 0.0, 0.0, 0.0, 0.0, 0.0, 0.0, 0.0, 0.0, 0.0, 0.0, 0.0], [0.0, 0.0, 0.0, 0.0, 0.0, 0.0, 0.0, 0.0, 0.0, 0.0, 0.0, 0.0, 0.0, 0.0, 0.0, 6.439503187729628, 9.386684281782527, 24.893294856443056, 22.095150024560148, 11.81634039404804, 10.039759328889485, 23.157349343416303, 9.386684281782527, 11.81634039404804, 22.095150024560148, 0.0, 0.0, 0.0, 0.0, 0.0, 0.0, 0.0, 0.0, 0.0, 0.0, 0.0, 0.0, 0.0, 0.0, 0.0], [0.0, 0.0, 0.0, 0.0, 0.0, 0.0, 0.0, 0.0, 0.0, 0.0, 0.0, 0.0, 0.0, 0.0, 0.0, 6.439503187729628, 9.386684281782527, 24.893294856443056, 22.095150024560148, 11.81634039404804, 10.039759328889485, 23.157349343416303, 9.386684281782527, 11.81634039404804, 22.095150024560148, 0.0, 0.0, 0.0, 0.0, 0.0, 0.0, 0.0, 0.0, 0.0, 0.0, 0.0, 0.0, 0.0, 0.0, 0.0], [0.0, 0.0, 0.0, 0.0, 0.0, 0.0, 0.0, 0.0, 0.0, 0.0, 0.0, 0.0, 0.0, 0.0, 0.0, 6.439503187729628, 9.386684281782527, 24.893294856443056, 22.095150024560148, 11.81634039404804, 10.039759328889485, 23.157349343416303, 9.386684281782527, 11.81634039404804, 22.095150024560148, 0.0, 0.0, 0.0, 0.0, 0.0, 0.0, 0.0, 0.0, 0.0, 0.0, 0.0, 0.0, 0.0, 0.0, 0.0], [0.0, 0.0, 0.0, 0.0, 0.0, 0.0, 0.0, 0.0, 0.0, 0.0, 0.0, 0.0, 0.0, 0.0, 0.0, 6.439503187729628, 9.386684281782527, 24.893294856443056, 22.095150024560148, 11.81634039404804, 10.039759328889485, 23.157349343416303, 9.386684281782527, 11.81634039404804, 22.095150024560148, 0.0, 0.0, 0.0, 0.0, 0.0, 0.0, 0.0, 0.0, 0.0, 0.0, 0.0, 0.0, 0.0, 0.0, 0.0], [0.0, 0.0, 0.0, 0.0, 0.0, 0.0, 0.0, 0.0, 0.0, 0.0, 0.0, 0.0, 0.0, 0.0, 0.0, 6.439503187729628, 9.386684281782527, 24.893294856443056, 22.095150024560148, 11.81634039404804, 10.039759328889485, 23.157349343416303, 9.386684281782527, 11.81634039404804, 22.095150024560148, 0.0, 0.0, 0.0, 0.0, 0.0, 0.0, 0.0, 0.0, 0.0, 0.0, 0.0, 0.0, 0.0, 0.0, 0.0], [0.0, 0.0, 0.0, 0.0, 0.0, 0.0, 0.0, 0.0, 0.0, 0.0, 0.0, 0.0, 0.0, 0.0, 0.0, 6.439503187729628, 9.386684281782527, 24.893294856443056, 22.095150024560148, 11.81634039404804, 10.039759328889485, 23.157349343416303, 9.386684281782527, 11.81634039404804, 22.095150024560148, 0.0, 0.0, 0.0, 0.0, 0.0, 0.0, 0.0, 0.0, 0.0, 0.0, 0.0, 0.0, 0.0, 0.0, 0.0], [0.0, 0.0, 0.0, 0.0, 0.0, 0.0, 0.0, 0.0, 0.0, 0.0, 0.0, 0.0, 0.0, 0.0, 0.0, 6.439503187729628, 9.386684281782527, 24.893294856443056, 22.095150024560148, 11.81634039404804, 10.039759328889485, 23.157349343416303, 9.386684281782527, 11.81634039404804, 22.095150024560148, 0.0, 0.0, 0.0, 0.0, 0.0, 0.0, 0.0, 0.0, 0.0, 0.0, 0.0, 0.0, 0.0, 0.0, 0.0], [0.0, 0.0, 0.0, 0.0, 0.0, 0.0, 0.0, 0.0, 0.0, 0.0, 0.0, 0.0, 0.0, 0.0, 0.0, 6.439503187729628, 9.386684281782527, 24.893294856443056, 22.095150024560148, 11.81634039404804, 10.039759328889485, 23.157349343416303, 9.386684281782527, 11.81634039404804, 22.095150024560148, 0.0, 0.0, 0.0, 0.0, 0.0, 0.0, 0.0, 0.0, 0.0, 0.0, 0.0, 0.0, 0.0, 0.0, 0.0], [0.0, 0.0, 0.0, 0.0, 0.0, 0.0, 0.0, 0.0, 0.0, 0.0, 0.0, 0.0, 0.0, 0.0, 0.0, 6.439503187729628, 9.386684281782527, 24.893294856443056, 22.095150024560148, 11.81634039404804, 10.039759328889485, 23.157349343416303, 9.386684281782527, 11.81634039404804, 22.095150024560148, 0.0, 0.0, 0.0, 0.0, 0.0, 0.0, 0.0, 0.0, 0.0, 0.0, 0.0, 0.0, 0.0, 0.0, 0.0], [0.0, 0.0, 0.0, 0.0, 0.0, 0.0, 0.0, 0.0, 0.0, 0.0, 0.0, 0.0, 0.0, 0.0, 0.0, 6.439503187729628, 9.386684281782527, 24.893294856443056, 22.095150024560148, 11.81634039404804, 10.039759328889485, 23.157349343416303, 9.386684281782527, 11.81634039404804, 22.095150024560148, 0.0, 0.0, 0.0, 0.0, 0.0, 0.0, 0.0, 0.0, 0.0, 0.0, 0.0, 0.0, 0.0, 0.0, 0.0], [0.0, 0.0, 0.0, 0.0, 0.0, 0.0, 0.0, 0.0, 0.0, 0.0, 0.0, 0.0, 0.0, 0.0, 0.0, 6.439503187729628, 9.386684281782527, 24.893294856443056, 22.095150024560148, 11.81634039404804, 10.039759328889485, 23.157349343416303, 9.386684281782527, 11.81634039404804, 22.095150024560148, 0.0, 0.0, 0.0, 0.0, 0.0, 0.0, 0.0, 0.0, 0.0, 0.0, 0.0, 0.0, 0.0, 0.0, 0.0], [0.0, 0.0, 0.0, 0.0, 0.0, 0.0, 0.0, 0.0, 0.0, 0.0, 0.0, 0.0, 0.0, 0.0, 0.0, 6.439503187729628, 9.386684281782527, 24.893294856443056, 22.095150024560148, 11.81634039404804, 10.039759328889485, 23.157349343416303, 9.386684281782527, 11.81634039404804, 22.095150024560148, 0.0, 0.0, 0.0, 0.0, 0.0, 0.0, 0.0, 0.0, 0.0, 0.0, 0.0, 0.0, 0.0, 0.0, 0.0], [6.439503187729628, 6.439503187729628, 6.439503187729628, 6.439503187729628, 6.439503187729628, 6.439503187729628, 6.439503187729628, 6.439503187729628, 6.439503187729628, 6.439503187729628, 6.439503187729628, 6.439503187729628, 6.439503187729628, 6.439503187729628, 6.439503187729628, 0.0, 7.817944617307841, 19.624661822940013, 22.260075685180603, 7.853558381682126, 3.607835729440439, 17.51391483090927, 7.817944617307841, 7.853558381682126, 22.260075685180603, 6.439503187729628, 6.439503187729628, 6.439503187729628, 6.439503187729628, 6.439503187729628, 6.439503187729628, 6.439503187729628, 6.439503187729628, 6.439503187729628, 6.439503187729628, 6.439503187729628, 6.439503187729628, 6.439503187729628, 6.439503187729628, 6.439503187729628], [9.386684281782527, 9.386684281782527, 9.386684281782527, 9.386684281782527, 9.386684281782527, 9.386684281782527, 9.386684281782527, 9.386684281782527, 9.386684281782527, 9.386684281782527, 9.386684281782527, 9.386684281782527, 9.386684281782527, 9.386684281782527, 9.386684281782527, 7.817944617307841, 0.0, 25.99814186442391, 29.79146818206747, 3.9780325982600138, 9.31327042711819, 23.458976875685906, 0.0, 3.9780325982600138, 29.79146818206747, 9.386684281782527, 9.386684281782527, 9.386684281782527, 9.386684281782527, 9.386684281782527, 9.386684281782527, 9.386684281782527, 9.386684281782527,