Problem,Objective.Function_4,Objective.Function_5,Objective.Function_6,Elapsed.Time_4,Elapsed.Time_5,Elapsed.Time_6
D1.S1.T1_1,19828,19828,19828,4.421880006790161,4.578243732452393,4.422009706497192
D1.S1.T1_2,22073,22073,22073,4.218798875808716,4.187213182449341,4.140844345092773
D1.S1.T1_3,18406,18406,18406,4.218691825866699,4.1718761920928955,4.172026872634888