Problem,Objective.Function_1,Objective.Function_2,Objective.Function_3,Elapsed.Time_1,Elapsed.Time_2,Elapsed.Time_3
D1.S1.T1_1,19828,19828,19828,4.468796014785767,4.70282244682312,4.281260013580322
D1.S1.T1_2,22073,22073,22073,4.468797922134399,4.344040632247925,4.345256090164185
D1.S1.T1_3,18406,18406,18406,4.421670436859131,4.375046491622925,4.2500505447387695